시점,행정구역별(1),행정구역별(2),음주운전교통사고 비율,음주운전 교통사고발생건수,교통사고 발생건수
2007,전국,소계,13.4,28416,211662
2007,서울특별시,소계,9.8,3853,39410
2007,서울특별시,종로구,6.2,99,1590
2007,서울특별시,중구,6.7,95,1412
2007,서울특별시,용산구,10.1,130,1287
2007,서울특별시,성동구,8.1,96,1187
2007,서울특별시,광진구,8.3,139,1675
2007,서울특별시,동대문구,7.3,129,1757
2007,서울특별시,중랑구,8.8,182,2071
2007,서울특별시,성북구,7.8,108,1391
2007,서울특별시,강북구,8.1,102,1263
2007,서울특별시,도봉구,8.3,66,796
2007,서울특별시,노원구,9.3,158,1707
2007,서울특별시,은평구,9.3,122,1315
2007,서울특별시,서대문구,9.2,95,1031
2007,서울특별시,마포구,13.1,189,1439
2007,서울특별시,양천구,12,142,1185
2007,서울특별시,강서구,11.2,199,1769
2007,서울특별시,구로구,11.8,175,1479
2007,서울특별시,금천구,13.9,120,864
2007,서울특별시,영등포구,10,220,2197
2007,서울특별시,동작구,8.6,93,1086
2007,서울특별시,관악구,8.7,160,1844
2007,서울특별시,서초구,11.9,213,1784
2007,서울특별시,강남구,12.7,422,3311
2007,서울특별시,송파구,10.2,253,2491
2007,서울특별시,강동구,9.9,146,1479
2007,부산광역시,소계,12.8,1298,10136
2007,부산광역시,중구,9.3,31,333
2007,부산광역시,서구,7.5,30,399
2007,부산광역시,동구,8.2,40,485
2007,부산광역시,영도구,7.6,23,301
2007,부산광역시,부산진구,11.3,135,1198
2007,부산광역시,동래구,11,92,838
2007,부산광역시,남구,15.8,110,695
2007,부산광역시,북구,14.4,95,662
2007,부산광역시,해운대구,19.4,153,788
2007,부산광역시,사하구,10.3,113,1093
2007,부산광역시,금정구,10.4,71,681
2007,부산광역시,강서구,15.1,76,504
2007,부산광역시,연제구,10.3,54,526
2007,부산광역시,수영구,14.7,74,505
2007,부산광역시,사상구,16.6,143,861
2007,부산광역시,기장군,21.7,58,267
2007,대구광역시,소계,11.7,1582,13561
2007,대구광역시,중구,8.8,89,1009
2007,대구광역시,동구,11.6,197,1693
2007,대구광역시,서구,11.6,188,1621
2007,대구광역시,남구,10.8,109,1008
2007,대구광역시,북구,12.3,316,2565
2007,대구광역시,수성구,12.1,236,1945
2007,대구광역시,달서구,11.9,367,3092
2007,대구광역시,달성군,12.7,80,628
2007,인천광역시,소계,12.7,1330,10483
2007,인천광역시,중구,14,75,534
2007,인천광역시,동구,12,19,158
2007,인천광역시,남구,13,247,1896
2007,인천광역시,연수구,14.7,130,887
2007,인천광역시,남동구,10,223,2232
2007,인천광역시,부평구,13.4,282,2099
2007,인천광역시,계양구,12.1,137,1134
2007,인천광역시,서구,13.9,184,1320
2007,인천광역시,강화군,13.4,25,187
2007,인천광역시,옹진군,22.2,8,36
2007,광주광역시,소계,10.7,849,7913
2007,광주광역시,동구,8.7,64,735
2007,광주광역시,서구,11.5,228,1980
2007,광주광역시,남구,11.2,88,783
2007,광주광역시,북구,10.5,270,2581
2007,광주광역시,광산구,10.9,199,1834
2007,대전광역시,소계,13.4,725,5415
2007,대전광역시,동구,11.9,139,1170
2007,대전광역시,중구,11.3,152,1345
2007,대전광역시,서구,14.5,215,1480
2007,대전광역시,유성구,17.1,111,648
2007,대전광역시,대덕구,14,108,772
2007,울산광역시,소계,15.5,726,4673
2007,울산광역시,중구,12.6,120,950
2007,울산광역시,남구,17.8,265,1488
2007,울산광역시,동구,12.1,73,601
2007,울산광역시,북구,17.3,119,686
2007,울산광역시,울주군,15.7,149,948
2007,경기도,소계,16.7,6939,41527
2007,경기도,수원시,15.7,643,4088
2007,경기도,성남시,15.3,404,2638
2007,경기도,의정부시,11.1,200,1805
2007,경기도,안양시,22.5,314,1396
2007,경기도,부천시,13.2,401,3046
2007,경기도,광명시,11.3,91,804
2007,경기도,평택시,20.4,400,1965
2007,경기도,동두천시,12.3,68,552
2007,경기도,안산시,19.3,464,2407
2007,경기도,고양시,15.4,552,3590
2007,경기도,과천시,17.2,32,186
2007,경기도,구리시,17.4,101,582
2007,경기도,남양주시,20,345,1727
2007,경기도,오산시,21.8,125,574
2007,경기도,시흥시,18.3,337,1840
2007,경기도,군포시,18.2,92,505
2007,경기도,의왕시,17.1,56,327
2007,경기도,하남시,16.4,81,494
2007,경기도,용인시,17.9,442,2465
2007,경기도,파주시,15.4,202,1315
2007,경기도,이천시,17.3,187,1084
2007,경기도,안성시,15.8,130,821
2007,경기도,김포시,15.8,146,924
2007,경기도,화성시,18.9,314,1664
2007,경기도,광주시,16.2,171,1058
2007,경기도,양주시,13.7,141,1030
2007,경기도,포천시,21.5,215,999
2007,경기도,경기 여주군,19.3,95,491
2007,경기도,연천군,14,31,222
2007,경기도,가평군,14.7,56,382
2007,경기도,양평군,18.9,103,546
2007,강원도,소계,14.3,1268,8860
2007,강원도,춘천시,17.1,257,1503
2007,강원도,원주시,13.8,299,2164
2007,강원도,강릉시,20.9,239,1141
2007,강원도,동해시,11.1,49,442
2007,강원도,태백시,10.5,29,276
2007,강원도,속초시,10.1,62,615
2007,강원도,삼척시,8.9,33,370
2007,강원도,홍천군,12.4,56,451
2007,강원도,횡성군,8.7,21,241
2007,강원도,영월군,9.8,21,214
2007,강원도,평창군,17.2,45,261
2007,강원도,정선군,10.9,21,193
2007,강원도,철원군,15.7,38,242
2007,강원도,화천군,16,12,75
2007,강원도,양구군,16.7,12,72
2007,강원도,인제군,12.3,22,179
2007,강원도,고성군,12.4,21,170
2007,강원도,양양군,12.4,31,251
2007,충청북도,소계,12.5,1001,7991
2007,충청북도,충북 청주시,11.5,369,3217
2007,충청북도,충주시,16.9,212,1253
2007,충청북도,제천시,11.8,97,822
2007,충청북도,충북 청원군,11.7,96,822
2007,충청북도,보은군,11.7,21,179
2007,충청북도,옥천군,11,32,292
2007,충청북도,영동군,15.6,28,180
2007,충청북도,진천군,16.1,49,305
2007,충청북도,괴산군,5.3,7,132
2007,충청북도,음성군,11.5,63,550
2007,충청북도,단양군,8.9,12,135
2007,충청북도,증평군,14.4,15,104
2007,충청남도,소계,18.9,1630,8618
2007,충청남도,천안시,25.2,488,1936
2007,충청남도,공주시,15.7,82,521
2007,충청남도,보령시,16.3,95,583
2007,충청남도,아산시,26.3,222,843
2007,충청남도,서산시,23.1,141,611
2007,충청남도,논산시,12.6,78,617
2007,충청남도,계룡시,10.5,9,86
2007,충청남도,금산군,12.2,27,221
2007,충청남도,충남 연기군,18,65,362
2007,충청남도,부여군,10.2,35,343
2007,충청남도,서천군,14.6,47,323
2007,충청남도,청양군,12.6,27,215
2007,충청남도,홍성군,13.9,68,489
2007,충청남도,예산군,15.9,91,573
2007,충청남도,태안군,14.4,46,320
2007,충청남도,충남 당진군,19,109,575
2007,전라북도,소계,11.8,1152,9765
2007,전라북도,전주시,12.3,456,3702
2007,전라북도,군산시,14.1,169,1202
2007,전라북도,익산시,13.5,206,1531
2007,전라북도,정읍시,7.1,51,722
2007,전라북도,남원시,10,46,458
2007,전라북도,김제시,11.2,64,571
2007,전라북도,완주군,13.1,44,336
2007,전라북도,진안군,13.1,16,122
2007,전라북도,무주군,5.2,6,116
2007,전라북도,장수군,14.7,15,102
2007,전라북도,임실군,6.3,12,191
2007,전라북도,순창군,6.4,5,78
2007,전라북도,고창군,9,25,279
2007,전라북도,부안군,10.4,37,355
2007,전라남도,소계,14,1475,10528
2007,전라남도,목포시,13.2,200,1513
2007,전라남도,여수시,13.3,173,1299
2007,전라남도,순천시,16.8,297,1772
2007,전라남도,나주시,14.7,127,862
2007,전라남도,광양시,19.2,140,731
2007,전라남도,담양군,7.9,21,267
2007,전라남도,곡성군,11.9,16,134
2007,전라남도,구례군,10.9,13,119
2007,전라남도,고흥군,12.3,37,302
2007,전라남도,보성군,13.4,39,290
2007,전라남도,화순군,7.7,23,300
2007,전라남도,장흥군,14.9,38,255
2007,전라남도,강진군,13.6,33,243
2007,전라남도,해남군,11.9,54,453
2007,전라남도,영암군,13.4,84,628
2007,전라남도,무안군,18.1,54,298
2007,전라남도,함평군,3.3,7,215
2007,전라남도,영광군,13.9,32,230
2007,전라남도,장성군,13.5,34,252
2007,전라남도,완도군,15.6,23,147
2007,전라남도,진도군,6.6,8,122
2007,전라남도,신안군,22.9,22,96
2007,경상북도,소계,14.7,2381,16201
2007,경상북도,포항시,13.1,389,2959
2007,경상북도,경주시,10.8,218,2011
2007,경상북도,김천시,17.5,144,824
2007,경상북도,안동시,13.7,163,1191
2007,경상북도,구미시,19.7,477,2427
2007,경상북도,영주시,10.3,77,745
2007,경상북도,영천시,10.6,81,767
2007,경상북도,상주시,12.2,67,547
2007,경상북도,문경시,11.4,47,412
2007,경상북도,경산시,20.7,269,1300
2007,경상북도,군위군,14,23,164
2007,경상북도,의성군,10,26,261
2007,경상북도,청송군,8.5,13,153
2007,경상북도,영양군,18.6,13,70
2007,경상북도,영덕군,8.9,20,225
2007,경상북도,청도군,16.7,43,257
2007,경상북도,고령군,17.1,37,216
2007,경상북도,성주군,17.4,55,316
2007,경상북도,칠곡군,17.9,119,664
2007,경상북도,예천군,15.2,31,204
2007,경상북도,봉화군,13.8,31,225
2007,경상북도,울진군,15.2,38,250
2007,경상북도,울릉군,-,-,13
2007,경상남도,소계,13.8,1853,13445
2007,경상남도,경남 창원시,17.6,344,1960
2007,경상남도,경남 마산시,14.5,228,1577
2007,경상남도,진주시,11.4,140,1225
2007,경상남도,경남 진해시,11.8,73,621
2007,경상남도,통영시,12.5,94,752
2007,경상남도,사천시,8.7,57,654
2007,경상남도,김해시,14.5,308,2117
2007,경상남도,밀양시,16.8,56,334
2007,경상남도,거제시,18.6,193,1036
2007,경상남도,양산시,11.6,109,942
2007,경상남도,의령군,6.6,9,137
2007,경상남도,함안군,11.7,47,403
2007,경상남도,창녕군,14.9,48,323
2007,경상남도,고성군,14.2,36,254
2007,경상남도,남해군,6.7,13,194
2007,경상남도,하동군,9.5,17,179
2007,경상남도,산청군,7.2,11,152
2007,경상남도,함양군,15,27,180
2007,경상남도,거창군,14,32,229
2007,경상남도,합천군,6.3,11,176
2007,제주특별자치도,소계,11.3,354,3136
2007,제주특별자치도,제주시,11.5,270,2339
2007,제주특별자치도,서귀포시,10.5,84,797
2008,전국,소계,12.5,26873,215822
2008,서울특별시,소계,8.3,3481,41702
2008,서울특별시,종로구,5.8,91,1565
2008,서울특별시,중구,5.3,76,1435
2008,서울특별시,용산구,6.9,85,1233
2008,서울특별시,성동구,5.6,64,1141
2008,서울특별시,광진구,8.7,143,1648
2008,서울특별시,동대문구,7.9,133,1678
2008,서울특별시,중랑구,7.7,157,2039
2008,서울특별시,성북구,6.7,119,1781
2008,서울특별시,강북구,8.4,116,1373
2008,서울특별시,도봉구,6.9,72,1036
2008,서울특별시,노원구,8.1,141,1742
2008,서울특별시,은평구,8,128,1596
2008,서울특별시,서대문구,7.9,85,1081
2008,서울특별시,마포구,11.2,187,1673
2008,서울특별시,양천구,8.5,130,1533
2008,서울특별시,강서구,9.2,189,2056
2008,서울특별시,구로구,9.4,149,1577
2008,서울특별시,금천구,10,96,961
2008,서울특별시,영등포구,8,176,2211
2008,서울특별시,동작구,6.7,65,969
2008,서울특별시,관악구,8.6,167,1944
2008,서울특별시,서초구,8.7,173,1985
2008,서울특별시,강남구,12,375,3131
2008,서울특별시,송파구,8.4,220,2622
2008,서울특별시,강동구,8.5,144,1692
2008,부산광역시,소계,9.4,1141,12100
2008,부산광역시,중구,8.7,27,312
2008,부산광역시,서구,7.7,34,439
2008,부산광역시,동구,7.1,36,507
2008,부산광역시,영도구,5.9,18,307
2008,부산광역시,부산진구,7.6,120,1574
2008,부산광역시,동래구,9.7,90,930
2008,부산광역시,남구,10.1,67,664
2008,부산광역시,북구,8.9,70,784
2008,부산광역시,해운대구,13.5,141,1048
2008,부산광역시,사하구,10.5,125,1195
2008,부산광역시,금정구,8.5,76,891
2008,부산광역시,강서구,11.7,78,665
2008,부산광역시,연제구,8.9,64,723
2008,부산광역시,수영구,8.2,47,573
2008,부산광역시,사상구,7.9,92,1163
2008,부산광역시,기장군,17.2,56,325
2008,대구광역시,소계,10.3,1409,13725
2008,대구광역시,중구,7.7,86,1122
2008,대구광역시,동구,11.2,184,1642
2008,대구광역시,서구,11,170,1545
2008,대구광역시,남구,9.3,96,1029
2008,대구광역시,북구,9.5,260,2737
2008,대구광역시,수성구,11.9,232,1949
2008,대구광역시,달서구,9.7,304,3122
2008,대구광역시,달성군,13.3,77,579
2008,인천광역시,소계,12.8,1360,10624
2008,인천광역시,중구,10.9,52,477
2008,인천광역시,동구,10.4,22,212
2008,인천광역시,남구,12.7,260,2043
2008,인천광역시,연수구,16.9,140,827
2008,인천광역시,남동구,12.3,266,2161
2008,인천광역시,부평구,10.9,227,2088
2008,인천광역시,계양구,11.7,130,1114
2008,인천광역시,서구,15.8,232,1467
2008,인천광역시,강화군,11.7,24,206
2008,인천광역시,옹진군,24.1,7,29
2008,광주광역시,소계,10.3,848,8260
2008,광주광역시,동구,8.2,70,855
2008,광주광역시,서구,10.8,227,2108
2008,광주광역시,남구,10,93,927
2008,광주광역시,북구,10.2,263,2568
2008,광주광역시,광산구,10.8,195,1802
2008,대전광역시,소계,13.3,736,5526
2008,대전광역시,동구,9.6,115,1203
2008,대전광역시,중구,11.8,144,1217
2008,대전광역시,서구,13.8,222,1604
2008,대전광역시,유성구,18.5,127,688
2008,대전광역시,대덕구,15.7,128,814
2008,울산광역시,소계,14.7,765,5195
2008,울산광역시,중구,12.4,135,1086
2008,울산광역시,남구,17,270,1592
2008,울산광역시,동구,12.2,86,703
2008,울산광역시,북구,15.8,124,785
2008,울산광역시,울주군,14.6,150,1029
2008,경기도,소계,15.9,6393,40193
2008,경기도,수원시,15.1,593,3939
2008,경기도,성남시,12.3,338,2759
2008,경기도,의정부시,11.7,229,1959
2008,경기도,안양시,19,257,1351
2008,경기도,부천시,13.1,352,2693
2008,경기도,광명시,10.5,81,770
2008,경기도,평택시,18,338,1876
2008,경기도,동두천시,12.1,55,456
2008,경기도,안산시,20.1,436,2164
2008,경기도,고양시,14.1,487,3451
2008,경기도,과천시,8.9,18,203
2008,경기도,구리시,20.2,121,600
2008,경기도,남양주시,19.4,338,1740
2008,경기도,오산시,18.5,108,584
2008,경기도,시흥시,18.3,354,1930
2008,경기도,군포시,13.5,56,415
2008,경기도,의왕시,14.7,41,279
2008,경기도,하남시,13.9,76,548
2008,경기도,용인시,17.6,404,2301
2008,경기도,파주시,17.5,227,1296
2008,경기도,이천시,18.7,187,1000
2008,경기도,안성시,17.7,134,757
2008,경기도,김포시,16.3,139,852
2008,경기도,화성시,17.2,302,1759
2008,경기도,광주시,15.8,169,1071
2008,경기도,양주시,13.6,122,899
2008,경기도,포천시,17.9,164,915
2008,경기도,경기 여주군,18.9,88,466
2008,경기도,연천군,11,26,237
2008,경기도,가평군,16.3,67,412
2008,경기도,양평군,16.8,86,511
2008,강원도,소계,14.3,1256,8766
2008,강원도,춘천시,18.2,305,1677
2008,강원도,원주시,13.2,278,2101
2008,강원도,강릉시,14.4,166,1153
2008,강원도,동해시,10,44,442
2008,강원도,태백시,6.5,17,261
2008,강원도,속초시,12.3,72,585
2008,강원도,삼척시,9.2,34,370
2008,강원도,홍천군,13.4,55,411
2008,강원도,횡성군,13,28,216
2008,강원도,영월군,12.9,26,202
2008,강원도,평창군,17.2,51,297
2008,강원도,정선군,21.3,37,174
2008,강원도,철원군,23.5,51,217
2008,강원도,화천군,14.3,11,77
2008,강원도,양구군,14.5,10,69
2008,강원도,인제군,18.5,22,119
2008,강원도,고성군,12.6,21,167
2008,강원도,양양군,12.3,28,228
2008,충청북도,소계,11.9,991,8317
2008,충청북도,충북 청주시,10.5,364,3454
2008,충청북도,충주시,13.2,145,1099
2008,충청북도,제천시,10.2,93,910
2008,충청북도,충북 청원군,14.1,122,865
2008,충청북도,보은군,10.4,19,183
2008,충청북도,옥천군,13.7,40,292
2008,충청북도,영동군,19.2,46,240
2008,충청북도,진천군,12.1,37,307
2008,충청북도,괴산군,5,6,119
2008,충청북도,음성군,13.5,79,585
2008,충청북도,단양군,19.4,30,155
2008,충청북도,증평군,9.3,10,108
2008,충청남도,소계,19.2,1646,8568
2008,충청남도,천안시,23.2,487,2097
2008,충청남도,공주시,15.9,81,510
2008,충청남도,보령시,13.2,81,613
2008,충청남도,아산시,32.7,241,737
2008,충청남도,서산시,18.5,110,596
2008,충청남도,논산시,14.9,92,616
2008,충청남도,계룡시,12.6,13,103
2008,충청남도,금산군,14.3,34,237
2008,충청남도,충남 연기군,18,52,289
2008,충청남도,부여군,9.9,30,303
2008,충청남도,서천군,15.1,57,377
2008,충청남도,청양군,13.2,27,205
2008,충청남도,홍성군,13.5,63,465
2008,충청남도,예산군,17.6,93,529
2008,충청남도,태안군,18.2,47,258
2008,충청남도,충남 당진군,21.8,138,633
2008,전라북도,소계,11.3,1086,9632
2008,전라북도,전주시,11.4,406,3556
2008,전라북도,군산시,12.2,153,1252
2008,전라북도,익산시,10.2,161,1576
2008,전라북도,정읍시,11.3,71,626
2008,전라북도,남원시,9.2,38,411
2008,전라북도,김제시,12.3,71,578
2008,전라북도,완주군,15.8,65,412
2008,전라북도,진안군,13.8,13,94
2008,전라북도,무주군,10.6,14,132
2008,전라북도,장수군,13.1,14,107
2008,전라북도,임실군,3.6,5,139
2008,전라북도,순창군,10.3,11,107
2008,전라북도,고창군,8.3,27,324
2008,전라북도,부안군,11.6,37,318
2008,전라남도,소계,14.1,1469,10443
2008,전라남도,목포시,13.8,213,1543
2008,전라남도,여수시,13.8,155,1127
2008,전라남도,순천시,14.1,250,1776
2008,전라남도,나주시,12.7,101,797
2008,전라남도,광양시,15.8,132,835
2008,전라남도,담양군,9.9,24,242
2008,전라남도,곡성군,7.7,11,142
2008,전라남도,구례군,13,20,154
2008,전라남도,고흥군,16.3,43,264
2008,전라남도,보성군,13.1,42,321
2008,전라남도,화순군,12.1,43,356
2008,전라남도,장흥군,14.4,31,216
2008,전라남도,강진군,23.9,59,247
2008,전라남도,해남군,11.5,47,409
2008,전라남도,영암군,13.3,77,581
2008,전라남도,무안군,17.6,59,335
2008,전라남도,함평군,14.2,28,197
2008,전라남도,영광군,13.6,35,258
2008,전라남도,장성군,16.3,37,227
2008,전라남도,완도군,15.4,30,195
2008,전라남도,진도군,8.3,11,132
2008,전라남도,신안군,23.6,21,89
2008,경상북도,소계,14.8,2283,15454
2008,경상북도,포항시,14.3,407,2840
2008,경상북도,경주시,11,217,1976
2008,경상북도,김천시,17.2,125,727
2008,경상북도,안동시,11.8,134,1134
2008,경상북도,구미시,20.9,469,2243
2008,경상북도,영주시,8.4,61,722
2008,경상북도,영천시,11.9,99,829
2008,경상북도,상주시,7.9,42,533
2008,경상북도,문경시,14.5,56,387
2008,경상북도,경산시,18,224,1244
2008,경상북도,군위군,18.2,27,148
2008,경상북도,의성군,12.7,28,220
2008,경상북도,청송군,13,20,154
2008,경상북도,영양군,16.9,13,77
2008,경상북도,영덕군,12.3,28,228
2008,경상북도,청도군,10.2,23,226
2008,경상북도,고령군,10.8,23,212
2008,경상북도,성주군,18.5,56,303
2008,경상북도,칠곡군,20.6,134,652
2008,경상북도,예천군,17.3,31,179
2008,경상북도,봉화군,12.8,24,188
2008,경상북도,울진군,18.2,39,214
2008,경상북도,울릉군,16.7,3,18
2008,경상남도,소계,12,1696,14135
2008,경상남도,경남 창원시,16.3,306,1872
2008,경상남도,경남 마산시,11.8,213,1802
2008,경상남도,진주시,9.3,121,1297
2008,경상남도,경남 진해시,11.8,77,655
2008,경상남도,통영시,11.9,91,767
2008,경상남도,사천시,6.3,41,651
2008,경상남도,김해시,11.8,247,2088
2008,경상남도,밀양시,13.5,61,452
2008,경상남도,거제시,16,193,1208
2008,경상남도,양산시,11.5,116,1006
2008,경상남도,의령군,7.6,10,131
2008,경상남도,함안군,7.7,35,456
2008,경상남도,창녕군,12.9,42,326
2008,경상남도,고성군,9.6,23,239
2008,경상남도,남해군,15.2,32,211
2008,경상남도,하동군,11.3,22,194
2008,경상남도,산청군,8.6,14,162
2008,경상남도,함양군,9.1,21,232
2008,경상남도,거창군,10.1,23,228
2008,경상남도,합천군,5.1,8,158
2008,제주특별자치도,소계,9.8,313,3182
2008,제주특별자치도,제주시,9.8,228,2334
2008,제주특별자치도,서귀포시,10,85,848
2009,전국,소계,12.2,28207,231990
2009,서울특별시,소계,8,3529,44320
2009,서울특별시,종로구,6.4,101,1579
2009,서울특별시,중구,4.4,68,1539
2009,서울특별시,용산구,7.3,98,1345
2009,서울특별시,성동구,7.1,90,1271
2009,서울특별시,광진구,8.3,138,1656
2009,서울특별시,동대문구,6.5,129,1983
2009,서울특별시,중랑구,7,142,2032
2009,서울특별시,성북구,7.7,146,1905
2009,서울특별시,강북구,7.6,106,1392
2009,서울특별시,도봉구,9.2,91,988
2009,서울특별시,노원구,8.7,159,1829
2009,서울특별시,은평구,6.3,110,1739
2009,서울특별시,서대문구,6.9,85,1231
2009,서울특별시,마포구,10,166,1658
2009,서울특별시,양천구,8.6,149,1732
2009,서울특별시,강서구,7.9,157,1994
2009,서울특별시,구로구,9.3,148,1583
2009,서울특별시,금천구,9,97,1081
2009,서울특별시,영등포구,7.9,185,2336
2009,서울특별시,동작구,7.7,95,1233
2009,서울특별시,관악구,6.5,128,1979
2009,서울특별시,서초구,8.3,185,2228
2009,서울특별시,강남구,11.2,418,3723
2009,서울특별시,송파구,8,219,2739
2009,서울특별시,강동구,7.7,119,1545
2009,부산광역시,소계,9,1271,14082
2009,부산광역시,중구,5.4,25,466
2009,부산광역시,서구,6.6,33,501
2009,부산광역시,동구,8.7,55,630
2009,부산광역시,영도구,5.8,18,312
2009,부산광역시,부산진구,7,139,1988
2009,부산광역시,동래구,8.6,89,1033
2009,부산광역시,남구,9.7,80,822
2009,부산광역시,북구,10.6,93,874
2009,부산광역시,해운대구,12.3,164,1328
2009,부산광역시,사하구,9.6,120,1256
2009,부산광역시,금정구,7.5,72,961
2009,부산광역시,강서구,9.7,71,731
2009,부산광역시,연제구,7.1,56,794
2009,부산광역시,수영구,8,53,665
2009,부산광역시,사상구,10.8,144,1333
2009,부산광역시,기장군,15.2,59,388
2009,대구광역시,소계,10.2,1470,14412
2009,대구광역시,중구,6.5,74,1137
2009,대구광역시,동구,9.7,169,1735
2009,대구광역시,서구,8.9,150,1683
2009,대구광역시,남구,9.9,107,1077
2009,대구광역시,북구,10.5,295,2810
2009,대구광역시,수성구,13.4,276,2066
2009,대구광역시,달서구,9.8,314,3192
2009,대구광역시,달성군,11.9,85,712
2009,인천광역시,소계,12.3,1352,11009
2009,인천광역시,중구,10.4,58,556
2009,인천광역시,동구,10.1,22,217
2009,인천광역시,남구,12.6,259,2053
2009,인천광역시,연수구,13.1,107,814
2009,인천광역시,남동구,11.1,239,2155
2009,인천광역시,부평구,12.3,281,2289
2009,인천광역시,계양구,11,115,1041
2009,인천광역시,서구,13.7,221,1611
2009,인천광역시,강화군,16.1,38,236
2009,인천광역시,옹진군,32.4,12,37
2009,광주광역시,소계,12.7,1172,9222
2009,광주광역시,동구,9,84,930
2009,광주광역시,서구,13.6,333,2451
2009,광주광역시,남구,13.8,131,952
2009,광주광역시,북구,13,374,2883
2009,광주광역시,광산구,12.5,250,2006
2009,대전광역시,소계,15.2,914,6004
2009,대전광역시,동구,12.8,157,1231
2009,대전광역시,중구,12.6,155,1230
2009,대전광역시,서구,16.7,301,1807
2009,대전광역시,유성구,18.9,151,800
2009,대전광역시,대덕구,16,150,936
2009,울산광역시,소계,15.2,796,5254
2009,울산광역시,중구,13.2,143,1084
2009,울산광역시,남구,17.9,290,1622
2009,울산광역시,동구,11.5,77,670
2009,울산광역시,북구,15.5,124,801
2009,울산광역시,울주군,15,162,1077
2009,경기도,소계,14.4,6236,43405
2009,경기도,수원시,12.9,541,4189
2009,경기도,성남시,11.7,344,2939
2009,경기도,의정부시,10.2,214,2107
2009,경기도,안양시,14.4,249,1725
2009,경기도,부천시,11.9,364,3067
2009,경기도,광명시,9,69,763
2009,경기도,평택시,16.5,358,2169
2009,경기도,동두천시,9.9,43,435
2009,경기도,안산시,19.6,435,2219
2009,경기도,고양시,13.6,486,3562
2009,경기도,과천시,10.2,25,246
2009,경기도,구리시,15.5,99,639
2009,경기도,남양주시,17.3,312,1808
2009,경기도,오산시,17.2,110,638
2009,경기도,시흥시,15.1,340,2253
2009,경기도,군포시,14.7,80,544
2009,경기도,의왕시,17.9,67,374
2009,경기도,하남시,11.5,74,641
2009,경기도,용인시,17.6,429,2443
2009,경기도,파주시,15.9,215,1355
2009,경기도,이천시,18.8,186,991
2009,경기도,안성시,16.5,131,792
2009,경기도,김포시,12.9,120,933
2009,경기도,화성시,15.4,310,2013
2009,경기도,광주시,11.6,123,1063
2009,경기도,양주시,12.6,113,894
2009,경기도,포천시,16.4,167,1019
2009,경기도,경기 여주군,15,71,472
2009,경기도,연천군,13.1,29,221
2009,경기도,가평군,13,54,416
2009,경기도,양평군,16.4,78,475
2009,강원도,소계,14.7,1401,9503
2009,강원도,춘천시,17.5,324,1851
2009,강원도,원주시,14.6,357,2444
2009,강원도,강릉시,16.2,207,1279
2009,강원도,동해시,13.4,59,440
2009,강원도,태백시,6,15,251
2009,강원도,속초시,13.8,89,646
2009,강원도,삼척시,10.8,40,372
2009,강원도,홍천군,12.8,51,398
2009,강원도,횡성군,13.2,32,243
2009,강원도,영월군,11.6,23,199
2009,강원도,평창군,12.7,32,252
2009,강원도,정선군,11.4,25,219
2009,강원도,철원군,16.4,34,207
2009,강원도,화천군,14,14,100
2009,강원도,양구군,15.1,11,73
2009,강원도,인제군,17.1,20,117
2009,강원도,고성군,16.9,27,160
2009,강원도,양양군,16.3,41,252
2009,충청북도,소계,12,1027,8582
2009,충청북도,충북 청주시,11.7,413,3528
2009,충청북도,충주시,11.6,141,1214
2009,충청북도,제천시,11.1,109,983
2009,충청북도,충북 청원군,12.4,111,897
2009,충청북도,보은군,18,29,161
2009,충청북도,옥천군,19.2,54,281
2009,충청북도,영동군,11.6,28,241
2009,충청북도,진천군,11.7,36,308
2009,충청북도,괴산군,9.3,14,151
2009,충청북도,음성군,12.5,71,567
2009,충청북도,단양군,9.6,12,125
2009,충청북도,증평군,7.1,9,126
2009,충청남도,소계,19.2,1688,8792
2009,충청남도,천안시,25.6,533,2081
2009,충청남도,공주시,15.6,79,505
2009,충청남도,보령시,12.9,71,549
2009,충청남도,아산시,28.7,200,698
2009,충청남도,서산시,22.2,154,693
2009,충청남도,논산시,11.7,82,700
2009,충청남도,계룡시,13.7,13,95
2009,충청남도,금산군,11.8,36,304
2009,충청남도,충남 연기군,14.6,43,295
2009,충청남도,부여군,10.3,28,272
2009,충청남도,서천군,9.9,37,372
2009,충청남도,청양군,11.9,28,236
2009,충청남도,홍성군,14.9,67,451
2009,충청남도,예산군,14.6,89,609
2009,충청남도,태안군,18.4,57,309
2009,충청남도,충남 당진군,27.4,171,623
2009,전라북도,소계,12.1,1283,10620
2009,전라북도,전주시,12.2,471,3850
2009,전라북도,군산시,14,184,1316
2009,전라북도,익산시,10.4,212,2038
2009,전라북도,정읍시,12,87,725
2009,전라북도,남원시,11.4,50,440
2009,전라북도,김제시,13.8,73,528
2009,전라북도,완주군,16.2,79,487
2009,전라북도,진안군,9.8,13,133
2009,전라북도,무주군,8.2,8,97
2009,전라북도,장수군,14.4,18,125
2009,전라북도,임실군,6.8,9,132
2009,전라북도,순창군,9.9,12,121
2009,전라북도,고창군,7.7,22,285
2009,전라북도,부안군,13.1,45,343
2009,전라남도,소계,14.1,1585,11253
2009,전라남도,목포시,15,264,1759
2009,전라남도,여수시,16.8,204,1212
2009,전라남도,순천시,15.6,291,1860
2009,전라남도,나주시,13.9,108,776
2009,전라남도,광양시,17,144,848
2009,전라남도,담양군,6.3,15,238
2009,전라남도,곡성군,10.3,17,165
2009,전라남도,구례군,11,17,155
2009,전라남도,고흥군,12.1,34,281
2009,전라남도,보성군,12.4,35,282
2009,전라남도,화순군,9.2,34,370
2009,전라남도,장흥군,10.4,26,250
2009,전라남도,강진군,16.6,51,308
2009,전라남도,해남군,8.2,37,451
2009,전라남도,영암군,11.3,80,708
2009,전라남도,무안군,15.2,64,422
2009,전라남도,함평군,15.9,32,201
2009,전라남도,영광군,12.7,36,283
2009,전라남도,장성군,9.3,21,227
2009,전라남도,완도군,14.1,26,185
2009,전라남도,진도군,13.1,21,160
2009,전라남도,신안군,25,28,112
2009,경상북도,소계,13.7,2297,16784
2009,경상북도,포항시,11.6,340,2919
2009,경상북도,경주시,11.1,251,2257
2009,경상북도,김천시,14.9,115,774
2009,경상북도,안동시,11.3,135,1195
2009,경상북도,구미시,19.1,476,2496
2009,경상북도,영주시,9.5,72,756
2009,경상북도,영천시,11,93,847
2009,경상북도,상주시,7.8,45,580
2009,경상북도,문경시,11.7,55,471
2009,경상북도,경산시,18.5,240,1296
2009,경상북도,군위군,13,19,146
2009,경상북도,의성군,13.3,34,255
2009,경상북도,청송군,12,15,125
2009,경상북도,영양군,19.5,16,82
2009,경상북도,영덕군,11.9,32,268
2009,경상북도,청도군,12.6,33,262
2009,경상북도,고령군,17.4,42,242
2009,경상북도,성주군,18.3,55,301
2009,경상북도,칠곡군,17.7,132,745
2009,경상북도,예천군,10.7,26,243
2009,경상북도,봉화군,9.4,21,223
2009,경상북도,울진군,17,48,282
2009,경상북도,울릉군,10.5,2,19
2009,경상남도,소계,12.2,1839,15118
2009,경상남도,경남 창원시,14.6,271,1862
2009,경상남도,경남 마산시,12.9,230,1789
2009,경상남도,진주시,8.8,119,1354
2009,경상남도,경남 진해시,11.9,81,682
2009,경상남도,통영시,13.3,122,917
2009,경상남도,사천시,8.4,64,761
2009,경상남도,김해시,12.6,281,2236
2009,경상남도,밀양시,16.1,80,497
2009,경상남도,거제시,17.1,219,1278
2009,경상남도,양산시,10.4,123,1186
2009,경상남도,의령군,4.2,6,144
2009,경상남도,함안군,5.5,23,415
2009,경상남도,창녕군,14.3,52,363
2009,경상남도,고성군,13.4,44,328
2009,경상남도,남해군,6.8,17,249
2009,경상남도,하동군,15.5,34,220
2009,경상남도,산청군,12.5,19,152
2009,경상남도,함양군,8,17,212
2009,경상남도,거창군,8.7,25,288
2009,경상남도,합천군,6.5,12,185
2009,제주특별자치도,소계,9.6,347,3630
2009,제주특별자치도,제주시,9.8,263,2687
2009,제주특별자치도,서귀포시,8.9,84,943
2010,전국,소계,12.6,28641,226878
2010,서울특별시,소계,9.4,3910,41662
2010,서울특별시,종로구,6.5,93,1436
2010,서울특별시,중구,4.9,76,1540
2010,서울특별시,용산구,8.4,104,1245
2010,서울특별시,성동구,7.7,85,1097
2010,서울특별시,광진구,10.5,161,1540
2010,서울특별시,동대문구,7.4,135,1834
2010,서울특별시,중랑구,7.8,163,2080
2010,서울특별시,성북구,8.2,132,1611
2010,서울특별시,강북구,9.5,123,1293
2010,서울특별시,도봉구,8.7,85,975
2010,서울특별시,노원구,11.2,189,1683
2010,서울특별시,은평구,7.9,119,1514
2010,서울특별시,서대문구,8.1,92,1141
2010,서울특별시,마포구,12.6,217,1726
2010,서울특별시,양천구,8.8,129,1463
2010,서울특별시,강서구,8.4,158,1872
2010,서울특별시,구로구,10.9,171,1568
2010,서울특별시,금천구,10.8,121,1123
2010,서울특별시,영등포구,9.6,217,2253
2010,서울특별시,동작구,8.4,95,1131
2010,서울특별시,관악구,9.6,178,1851
2010,서울특별시,서초구,10,215,2152
2010,서울특별시,강남구,13,463,3551
2010,서울특별시,송파구,10.4,267,2573
2010,서울특별시,강동구,8.7,122,1410
2010,부산광역시,소계,8.4,1169,13847
2010,부산광역시,중구,4,18,445
2010,부산광역시,서구,4.9,25,512
2010,부산광역시,동구,5.6,35,621
2010,부산광역시,영도구,4.8,17,354
2010,부산광역시,부산진구,7.3,130,1781
2010,부산광역시,동래구,7.5,77,1029
2010,부산광역시,남구,4.6,45,985
2010,부산광역시,북구,12.4,99,798
2010,부산광역시,해운대구,12,153,1272
2010,부산광역시,사하구,11.6,128,1102
2010,부산광역시,금정구,7.5,72,964
2010,부산광역시,강서구,8,66,820
2010,부산광역시,연제구,7.7,54,697
2010,부산광역시,수영구,7.3,53,726
2010,부산광역시,사상구,9.4,122,1304
2010,부산광역시,기장군,17.2,75,437
2010,대구광역시,소계,10.3,1510,14600
2010,대구광역시,중구,6.6,75,1137
2010,대구광역시,동구,10.5,180,1721
2010,대구광역시,서구,8.5,137,1613
2010,대구광역시,남구,9.4,108,1143
2010,대구광역시,북구,9.8,270,2763
2010,대구광역시,수성구,13.5,279,2071
2010,대구광역시,달서구,11.5,385,3359
2010,대구광역시,달성군,9.6,76,793
2010,인천광역시,소계,14,1439,10305
2010,인천광역시,중구,14.4,75,522
2010,인천광역시,동구,7.7,17,221
2010,인천광역시,남구,14.4,268,1858
2010,인천광역시,연수구,16.1,126,784
2010,인천광역시,남동구,13.7,292,2137
2010,인천광역시,부평구,12.9,254,1970
2010,인천광역시,계양구,13,145,1112
2010,인천광역시,서구,15.1,216,1433
2010,인천광역시,강화군,14.3,33,231
2010,인천광역시,옹진군,35.1,13,37
2010,광주광역시,소계,13.1,1167,8894
2010,광주광역시,동구,8.5,67,788
2010,광주광역시,서구,13.6,333,2441
2010,광주광역시,남구,14.8,131,888
2010,광주광역시,북구,12.9,350,2714
2010,광주광역시,광산구,13.9,286,2063
2010,대전광역시,소계,13.5,792,5870
2010,대전광역시,동구,10.5,134,1278
2010,대전광역시,중구,13.8,159,1156
2010,대전광역시,서구,13,239,1839
2010,대전광역시,유성구,18.6,144,773
2010,대전광역시,대덕구,14.1,116,824
2010,울산광역시,소계,14.7,744,5067
2010,울산광역시,중구,13.8,135,981
2010,울산광역시,남구,16,277,1735
2010,울산광역시,동구,11.9,83,696
2010,울산광역시,북구,15,117,780
2010,울산광역시,울주군,15.1,132,875
2010,경기도,소계,16.3,7163,43963
2010,경기도,수원시,14.7,603,4110
2010,경기도,성남시,14.9,421,2819
2010,경기도,의정부시,12.1,219,1808
2010,경기도,안양시,17.8,289,1626
2010,경기도,부천시,13.7,420,3076
2010,경기도,광명시,11.7,99,843
2010,경기도,평택시,15.8,336,2125
2010,경기도,동두천시,11.7,60,515
2010,경기도,안산시,18.7,473,2527
2010,경기도,고양시,15.7,539,3436
2010,경기도,과천시,11.5,29,252
2010,경기도,구리시,16.2,111,686
2010,경기도,남양주시,18.7,346,1847
2010,경기도,오산시,21.6,143,661
2010,경기도,시흥시,20.1,461,2290
2010,경기도,군포시,14.6,91,624
2010,경기도,의왕시,22.8,99,435
2010,경기도,하남시,10.6,71,670
2010,경기도,용인시,20.5,534,2607
2010,경기도,파주시,13.8,199,1445
2010,경기도,이천시,21.1,215,1018
2010,경기도,안성시,15.8,161,1020
2010,경기도,김포시,16.9,179,1061
2010,경기도,화성시,17.1,361,2105
2010,경기도,광주시,17.3,164,948
2010,경기도,양주시,13.8,127,918
2010,경기도,포천시,18.2,178,980
2010,경기도,경기 여주군,15.8,74,469
2010,경기도,연천군,14.1,29,206
2010,경기도,가평군,14.4,53,368
2010,경기도,양평군,16.9,79,468
2010,강원도,소계,14.5,1310,9026
2010,강원도,춘천시,15.3,286,1869
2010,강원도,원주시,15.1,363,2410
2010,강원도,강릉시,15,175,1164
2010,강원도,동해시,13.4,58,433
2010,강원도,태백시,9.9,21,213
2010,강원도,속초시,15,92,612
2010,강원도,삼척시,5.8,19,329
2010,강원도,홍천군,14.9,50,336
2010,강원도,횡성군,13.7,29,211
2010,강원도,영월군,13.8,21,152
2010,강원도,평창군,16.7,34,204
2010,강원도,정선군,17.5,29,166
2010,강원도,철원군,17.4,34,195
2010,강원도,화천군,18.8,16,85
2010,강원도,양구군,7.4,7,94
2010,강원도,인제군,12.9,18,140
2010,강원도,고성군,16.3,29,178
2010,강원도,양양군,12.3,29,235
2010,충청북도,소계,11.5,986,8571
2010,충청북도,충북 청주시,12.3,432,3516
2010,충청북도,충주시,9.6,112,1166
2010,충청북도,제천시,11.5,118,1026
2010,충청북도,충북 청원군,13.2,110,832
2010,충청북도,보은군,11.2,19,170
2010,충청북도,옥천군,7,18,257
2010,충청북도,영동군,10,23,229
2010,충청북도,진천군,13.3,42,316
2010,충청북도,괴산군,12.5,20,160
2010,충청북도,음성군,10.9,62,570
2010,충청북도,단양군,9.5,13,137
2010,충청북도,증평군,8.9,17,192
2010,충청남도,소계,19.2,1783,9282
2010,충청남도,천안시,24.5,573,2343
2010,충청남도,공주시,14.3,77,539
2010,충청남도,보령시,12.6,74,585
2010,충청남도,아산시,37.1,269,725
2010,충청남도,서산시,18,132,732
2010,충청남도,논산시,13.4,92,686
2010,충청남도,계룡시,13.2,12,91
2010,충청남도,금산군,13.3,40,300
2010,충청남도,충남 연기군,17.2,66,383
2010,충청남도,부여군,10.6,44,416
2010,충청남도,서천군,9.2,32,348
2010,충청남도,청양군,12.6,24,191
2010,충청남도,홍성군,16,69,432
2010,충청남도,예산군,12.6,72,572
2010,충청남도,태안군,24.7,81,328
2010,충청남도,충남 당진군,20.6,126,611
2010,전라북도,소계,11.3,1177,10453
2010,전라북도,전주시,12.2,456,3744
2010,전라북도,군산시,13.5,177,1312
2010,전라북도,익산시,8.6,179,2075
2010,전라북도,정읍시,13.3,96,723
2010,전라북도,남원시,9.1,39,428
2010,전라북도,김제시,9.5,50,526
2010,전라북도,완주군,15.4,68,442
2010,전라북도,진안군,8.8,11,125
2010,전라북도,무주군,10.8,11,102
2010,전라북도,장수군,6.9,7,102
2010,전라북도,임실군,5,6,120
2010,전라북도,순창군,9.2,11,119
2010,전라북도,고창군,8.9,23,258
2010,전라북도,부안군,11.4,43,377
2010,전라남도,소계,13.4,1462,10949
2010,전라남도,목포시,13,202,1552
2010,전라남도,여수시,15,186,1242
2010,전라남도,순천시,15.2,259,1703
2010,전라남도,나주시,12.3,106,859
2010,전라남도,광양시,17.9,161,898
2010,전라남도,담양군,11.1,29,261
2010,전라남도,곡성군,8.6,12,140
2010,전라남도,구례군,10.1,18,179
2010,전라남도,고흥군,6.5,17,263
2010,전라남도,보성군,9.2,25,272
2010,전라남도,화순군,11.7,45,383
2010,전라남도,장흥군,14.1,43,304
2010,전라남도,강진군,14,40,285
2010,전라남도,해남군,11.4,48,422
2010,전라남도,영암군,11.6,72,620
2010,전라남도,무안군,18.5,73,395
2010,전라남도,함평군,7,14,201
2010,전라남도,영광군,9.4,26,278
2010,전라남도,장성군,7.9,21,267
2010,전라남도,완도군,16.6,26,157
2010,전라남도,진도군,15.4,26,169
2010,전라남도,신안군,13.1,13,99
2010,경상북도,소계,12.7,2090,16498
2010,경상북도,포항시,11.4,340,2975
2010,경상북도,경주시,9.8,231,2369
2010,경상북도,김천시,14.7,110,749
2010,경상북도,안동시,10,116,1163
2010,경상북도,구미시,18.8,481,2563
2010,경상북도,영주시,10.3,78,756
2010,경상북도,영천시,9.5,77,810
2010,경상북도,상주시,6.9,42,609
2010,경상북도,문경시,9.8,41,417
2010,경상북도,경산시,16.8,185,1099
2010,경상북도,군위군,9.9,13,131
2010,경상북도,의성군,8.5,17,199
2010,경상북도,청송군,5,4,80
2010,경상북도,영양군,22,18,82
2010,경상북도,영덕군,11.2,26,233
2010,경상북도,청도군,14.2,38,267
2010,경상북도,고령군,8.2,19,231
2010,경상북도,성주군,12.1,37,306
2010,경상북도,칠곡군,16.5,132,799
2010,경상북도,예천군,10.8,22,203
2010,경상북도,봉화군,7.7,15,194
2010,경상북도,울진군,17.9,46,257
2010,경상북도,울릉군,33.3,2,6
2010,경상남도,소계,11.1,1590,14274
2010,경상남도,진주시,8.8,110,1253
2010,경상남도,통영시,11.2,99,882
2010,경상남도,사천시,7.7,59,762
2010,경상남도,김해시,10.5,226,2149
2010,경상남도,밀양시,9.7,45,462
2010,경상남도,거제시,17.7,197,1111
2010,경상남도,양산시,11.2,133,1188
2010,경상남도,창원시,12.5,511,4101
2010,경상남도,의령군,7.6,9,118
2010,경상남도,함안군,9.3,41,443
2010,경상남도,창녕군,9,29,324
2010,경상남도,고성군,7.8,20,255
2010,경상남도,남해군,12.9,29,224
2010,경상남도,하동군,7.6,15,197
2010,경상남도,산청군,7.9,13,164
2010,경상남도,함양군,5.9,11,185
2010,경상남도,거창군,8.1,23,283
2010,경상남도,합천군,11.6,20,173
2010,제주특별자치도,소계,9.6,349,3617
2010,제주특별자치도,제주시,9.8,268,2746
2010,제주특별자치도,서귀포시,9.3,81,871
2011,전국,소계,12.8,28461,221711
2011,서울특별시,소계,9.1,3700,40451
2011,서울특별시,종로구,5.3,75,1421
2011,서울특별시,중구,4.9,74,1497
2011,서울특별시,용산구,10.1,118,1170
2011,서울특별시,성동구,8.6,99,1154
2011,서울특별시,광진구,11.2,160,1430
2011,서울특별시,동대문구,7.3,130,1777
2011,서울특별시,중랑구,6.5,115,1782
2011,서울특별시,성북구,7,110,1569
2011,서울특별시,강북구,7.2,85,1174
2011,서울특별시,도봉구,7.6,71,933
2011,서울특별시,노원구,8.4,128,1529
2011,서울특별시,은평구,7,105,1509
2011,서울특별시,서대문구,8.7,92,1061
2011,서울특별시,마포구,10.8,176,1623
2011,서울특별시,양천구,7.3,106,1444
2011,서울특별시,강서구,8.7,164,1885
2011,서울특별시,구로구,12.5,193,1542
2011,서울특별시,금천구,10.6,119,1125
2011,서울특별시,영등포구,10,231,2310
2011,서울특별시,동작구,9.8,117,1192
2011,서울특별시,관악구,9.6,167,1737
2011,서울특별시,서초구,10.9,223,2048
2011,서울특별시,강남구,13.4,478,3562
2011,서울특별시,송파구,9.8,251,2554
2011,서울특별시,강동구,7.9,113,1423
2011,부산광역시,소계,8.3,1155,13893
2011,부산광역시,중구,6,31,514
2011,부산광역시,서구,7.5,36,481
2011,부산광역시,동구,6.4,41,639
2011,부산광역시,영도구,2,7,351
2011,부산광역시,부산진구,6.3,101,1595
2011,부산광역시,동래구,10.3,99,964
2011,부산광역시,남구,5.9,60,1021
2011,부산광역시,북구,9.5,67,704
2011,부산광역시,해운대구,13.4,171,1279
2011,부산광역시,사하구,8.6,92,1076
2011,부산광역시,금정구,5.4,58,1071
2011,부산광역시,강서구,8.3,69,830
2011,부산광역시,연제구,10.5,81,768
2011,부산광역시,수영구,8.8,73,826
2011,부산광역시,사상구,8.8,106,1198
2011,부산광역시,기장군,10.9,63,576
2011,대구광역시,소계,9.7,1417,14679
2011,대구광역시,중구,7.3,88,1205
2011,대구광역시,동구,9.5,165,1743
2011,대구광역시,서구,9,134,1494
2011,대구광역시,남구,8.8,98,1115
2011,대구광역시,북구,10.1,270,2681
2011,대구광역시,수성구,10.1,226,2231
2011,대구광역시,달서구,10.2,346,3377
2011,대구광역시,달성군,10.8,90,833
2011,인천광역시,소계,15.5,1562,10096
2011,인천광역시,중구,17.2,94,546
2011,인천광역시,동구,12.3,26,211
2011,인천광역시,남구,15.3,270,1769
2011,인천광역시,연수구,17.1,142,828
2011,인천광역시,남동구,13.9,311,2233
2011,인천광역시,부평구,13.9,258,1859
2011,인천광역시,계양구,16.2,161,991
2011,인천광역시,서구,17.4,241,1389
2011,인천광역시,강화군,18,40,222
2011,인천광역시,옹진군,39.6,19,48
2011,광주광역시,소계,13.3,1104,8328
2011,광주광역시,동구,9,72,803
2011,광주광역시,서구,14,314,2247
2011,광주광역시,남구,13.2,118,893
2011,광주광역시,북구,13,308,2368
2011,광주광역시,광산구,14.5,292,2017
2011,대전광역시,소계,14,849,6062
2011,대전광역시,동구,11.1,132,1187
2011,대전광역시,중구,13.3,185,1387
2011,대전광역시,서구,14.3,260,1814
2011,대전광역시,유성구,18.6,164,880
2011,대전광역시,대덕구,13.6,108,794
2011,울산광역시,소계,17.1,839,4913
2011,울산광역시,중구,14.1,128,908
2011,울산광역시,남구,19.1,298,1557
2011,울산광역시,동구,14.1,97,688
2011,울산광역시,북구,17.3,145,839
2011,울산광역시,울주군,18.6,171,921
2011,경기도,소계,16.3,7120,43655
2011,경기도,수원시,15.5,646,4160
2011,경기도,성남시,15.4,450,2926
2011,경기도,의정부시,11.7,195,1662
2011,경기도,안양시,15.9,288,1815
2011,경기도,부천시,13,411,3171
2011,경기도,광명시,12.2,103,846
2011,경기도,평택시,15.3,320,2087
2011,경기도,동두천시,12.7,52,411
2011,경기도,안산시,19.8,530,2679
2011,경기도,고양시,13.9,466,3354
2011,경기도,과천시,12.8,30,235
2011,경기도,구리시,15.2,101,663
2011,경기도,남양주시,18,331,1834
2011,경기도,오산시,22.1,148,670
2011,경기도,시흥시,18.9,411,2177
2011,경기도,군포시,13,103,791
2011,경기도,의왕시,17.8,71,400
2011,경기도,하남시,12.5,82,654
2011,경기도,용인시,18.4,500,2715
2011,경기도,파주시,19.1,282,1474
2011,경기도,이천시,23.6,208,882
2011,경기도,안성시,15.1,146,966
2011,경기도,김포시,16.3,158,969
2011,경기도,화성시,20.8,415,1993
2011,경기도,광주시,17.3,178,1026
2011,경기도,양주시,14.6,128,874
2011,경기도,포천시,20,163,816
2011,경기도,경기 여주군,14,63,451
2011,경기도,연천군,11.2,19,169
2011,경기도,가평군,10.4,38,364
2011,경기도,양평군,20,84,421
2011,강원도,소계,13.7,1265,9206
2011,강원도,춘천시,13.4,269,2002
2011,강원도,원주시,13.7,339,2478
2011,강원도,강릉시,14.5,174,1200
2011,강원도,동해시,9.2,46,498
2011,강원도,태백시,12.7,29,228
2011,강원도,속초시,15.9,89,560
2011,강원도,삼척시,7.7,27,351
2011,강원도,홍천군,12.1,42,346
2011,강원도,횡성군,16.3,33,202
2011,강원도,영월군,15.2,25,164
2011,강원도,평창군,16.1,38,236
2011,강원도,정선군,13.6,22,162
2011,강원도,철원군,18.2,30,165
2011,강원도,화천군,8,9,112
2011,강원도,양구군,18.4,16,87
2011,강원도,인제군,20,17,85
2011,강원도,고성군,19.9,30,151
2011,강원도,양양군,16.8,30,179
2011,충청북도,소계,14.5,1260,8696
2011,충청북도,충북 청주시,14.3,499,3491
2011,충청북도,충주시,14.9,191,1279
2011,충청북도,제천시,13.7,119,866
2011,충청북도,충북 청원군,14.7,129,877
2011,충청북도,보은군,14.6,23,157
2011,충청북도,옥천군,13,39,301
2011,충청북도,영동군,14.2,29,204
2011,충청북도,진천군,12.9,46,356
2011,충청북도,괴산군,16.5,31,188
2011,충청북도,음성군,17.1,109,636
2011,충청북도,단양군,10.2,16,157
2011,충청북도,증평군,15.8,29,184
2011,충청남도,소계,19.9,1760,8833
2011,충청남도,천안시,22.3,552,2470
2011,충청남도,공주시,16.9,86,509
2011,충청남도,보령시,19,95,501
2011,충청남도,아산시,43,263,612
2011,충청남도,서산시,20.3,141,693
2011,충청남도,논산시,11.5,76,662
2011,충청남도,계룡시,13.2,10,76
2011,충청남도,금산군,12.2,37,303
2011,충청남도,충남 연기군,21.5,78,362
2011,충청남도,부여군,14.7,46,313
2011,충청남도,서천군,9.7,35,359
2011,충청남도,청양군,10.9,19,175
2011,충청남도,홍성군,16.3,61,374
2011,충청남도,예산군,14.3,77,540
2011,충청남도,태안군,15.8,44,279
2011,충청남도,충남 당진군,23.1,140,605
2011,전라북도,소계,10.6,1083,10194
2011,전라북도,전주시,12.5,425,3389
2011,전라북도,군산시,11.6,174,1505
2011,전라북도,익산시,8,165,2053
2011,전라북도,정읍시,8.8,64,730
2011,전라북도,남원시,6.5,26,402
2011,전라북도,김제시,8.9,46,515
2011,전라북도,완주군,14.4,60,417
2011,전라북도,진안군,14.4,15,104
2011,전라북도,무주군,13.7,14,102
2011,전라북도,장수군,6.8,6,88
2011,전라북도,임실군,2.8,3,108
2011,전라북도,순창군,8.5,11,129
2011,전라북도,고창군,7.8,18,230
2011,전라북도,부안군,13.3,56,422
2011,전라남도,소계,13.4,1354,10070
2011,전라남도,목포시,11.7,156,1336
2011,전라남도,여수시,15.5,186,1203
2011,전라남도,순천시,15,237,1575
2011,전라남도,나주시,11.9,90,755
2011,전라남도,광양시,19.8,167,845
2011,전라남도,담양군,9.3,24,257
2011,전라남도,곡성군,10.9,13,119
2011,전라남도,구례군,9.4,12,127
2011,전라남도,고흥군,11.4,28,245
2011,전라남도,보성군,9.9,23,232
2011,전라남도,화순군,11.1,41,370
2011,전라남도,장흥군,13.2,32,243
2011,전라남도,강진군,9.1,23,252
2011,전라남도,해남군,10.7,42,394
2011,전라남도,영암군,9.9,65,655
2011,전라남도,무안군,13.5,49,363
2011,전라남도,함평군,9.4,19,203
2011,전라남도,영광군,11.5,33,287
2011,전라남도,장성군,16.1,37,230
2011,전라남도,완도군,20.6,33,160
2011,전라남도,진도군,20.4,28,137
2011,전라남도,신안군,19.5,16,82
2011,경상북도,소계,14.1,2157,15315
2011,경상북도,포항시,12.2,328,2692
2011,경상북도,경주시,13.8,298,2165
2011,경상북도,김천시,15.6,107,687
2011,경상북도,안동시,13.1,143,1092
2011,경상북도,구미시,18.5,459,2480
2011,경상북도,영주시,10.4,71,684
2011,경상북도,영천시,11.6,95,821
2011,경상북도,상주시,4.9,22,450
2011,경상북도,문경시,9.9,40,406
2011,경상북도,경산시,16.5,177,1070
2011,경상북도,군위군,17.1,18,105
2011,경상북도,의성군,12.3,29,236
2011,경상북도,청송군,8.5,9,106
2011,경상북도,영양군,11.9,8,67
2011,경상북도,영덕군,16.2,36,222
2011,경상북도,청도군,14.5,32,220
2011,경상북도,고령군,15.4,35,228
2011,경상북도,성주군,15.1,41,271
2011,경상북도,칠곡군,16.9,117,694
2011,경상북도,예천군,13.5,23,170
2011,경상북도,봉화군,11.7,19,163
2011,경상북도,울진군,17.9,48,268
2011,경상북도,울릉군,11.1,2,18
2011,경상남도,소계,10.7,1486,13861
2011,경상남도,진주시,8.8,92,1044
2011,경상남도,통영시,12,97,810
2011,경상남도,사천시,6.7,50,751
2011,경상남도,김해시,11.6,244,2110
2011,경상남도,밀양시,11.1,58,523
2011,경상남도,거제시,14.4,150,1044
2011,경상남도,양산시,11.3,127,1124
2011,경상남도,창원시,10.4,419,4015
2011,경상남도,의령군,7.4,13,176
2011,경상남도,함안군,11,48,435
2011,경상남도,창녕군,17.1,51,298
2011,경상남도,고성군,10,26,260
2011,경상남도,남해군,10.2,23,225
2011,경상남도,하동군,10.4,21,201
2011,경상남도,산청군,11.8,17,144
2011,경상남도,함양군,8.9,20,224
2011,경상남도,거창군,7.3,22,301
2011,경상남도,합천군,4.5,8,176
2011,제주특별자치도,소계,10.1,350,3459
2011,제주특별자치도,제주시,9.9,257,2599
2011,제주특별자치도,서귀포시,10.8,93,860
2012,전국,소계,13,29093,223656
2012,서울특별시,소계,9.4,3819,40829
2012,서울특별시,종로구,6.5,89,1374
2012,서울특별시,중구,5.8,84,1458
2012,서울특별시,용산구,8.2,99,1203
2012,서울특별시,성동구,10.1,100,986
2012,서울특별시,광진구,11.2,167,1494
2012,서울특별시,동대문구,7.6,143,1881
2012,서울특별시,중랑구,6.5,114,1753
2012,서울특별시,성북구,6.4,101,1572
2012,서울특별시,강북구,8.3,100,1212
2012,서울특별시,도봉구,7.9,78,983
2012,서울특별시,노원구,7.7,125,1623
2012,서울특별시,은평구,7.2,109,1519
2012,서울특별시,서대문구,9,94,1041
2012,서울특별시,마포구,10.7,167,1561
2012,서울특별시,양천구,8.3,118,1418
2012,서울특별시,강서구,9.1,161,1767
2012,서울특별시,구로구,13.2,209,1582
2012,서울특별시,금천구,12.2,124,1017
2012,서울특별시,영등포구,9.9,215,2179
2012,서울특별시,동작구,9.9,124,1258
2012,서울특별시,관악구,7.8,134,1713
2012,서울특별시,서초구,12.1,253,2090
2012,서울특별시,강남구,13.6,522,3843
2012,서울특별시,송파구,10,284,2844
2012,서울특별시,강동구,7.2,105,1458
2012,부산광역시,소계,8.3,1226,14733
2012,부산광역시,중구,6.9,33,476
2012,부산광역시,서구,6.5,27,414
2012,부산광역시,동구,6.4,35,549
2012,부산광역시,영도구,3.8,14,372
2012,부산광역시,부산진구,8.1,128,1589
2012,부산광역시,동래구,9.2,100,1085
2012,부산광역시,남구,8.3,79,951
2012,부산광역시,북구,9.3,78,837
2012,부산광역시,해운대구,9.7,158,1633
2012,부산광역시,사하구,7.4,107,1453
2012,부산광역시,금정구,6.4,71,1103
2012,부산광역시,강서구,9.3,77,831
2012,부산광역시,연제구,10.5,78,746
2012,부산광역시,수영구,9.9,79,797
2012,부산광역시,사상구,7.9,99,1246
2012,부산광역시,기장군,9.7,63,651
2012,대구광역시,소계,9.7,1395,14422
2012,대구광역시,중구,7.4,91,1222
2012,대구광역시,동구,10,168,1674
2012,대구광역시,서구,8.7,127,1462
2012,대구광역시,남구,8.3,80,962
2012,대구광역시,북구,9.2,259,2811
2012,대구광역시,수성구,11.3,240,2115
2012,대구광역시,달서구,10.2,338,3316
2012,대구광역시,달성군,10.7,92,860
2012,인천광역시,소계,15.4,1499,9757
2012,인천광역시,중구,17.3,86,497
2012,인천광역시,동구,11.7,27,230
2012,인천광역시,남구,14.8,238,1608
2012,인천광역시,연수구,17.7,127,716
2012,인천광역시,남동구,15.2,326,2140
2012,인천광역시,부평구,13.9,263,1895
2012,인천광역시,계양구,16,145,907
2012,인천광역시,서구,16,242,1516
2012,인천광역시,강화군,14,27,193
2012,인천광역시,옹진군,32.7,18,55
2012,광주광역시,소계,14,1207,8600
2012,광주광역시,동구,11.2,86,771
2012,광주광역시,서구,14.6,322,2205
2012,광주광역시,남구,13.1,119,907
2012,광주광역시,북구,13.8,341,2469
2012,광주광역시,광산구,15.1,339,2248
2012,대전광역시,소계,16.5,930,5631
2012,대전광역시,동구,13.9,147,1058
2012,대전광역시,중구,15.7,170,1085
2012,대전광역시,서구,18,327,1820
2012,대전광역시,유성구,18.5,158,852
2012,대전광역시,대덕구,15.7,128,816
2012,울산광역시,소계,18.2,900,4950
2012,울산광역시,중구,15.6,138,887
2012,울산광역시,남구,20.1,301,1498
2012,울산광역시,동구,15.9,115,725
2012,울산광역시,북구,18.9,160,848
2012,울산광역시,울주군,18.8,186,992
2012,세종특별자치시,소계,22.9,50,218
2012,경기도,소계,16,7180,44763
2012,경기도,수원시,16.1,724,4483
2012,경기도,성남시,15,498,3317
2012,경기도,의정부시,12.8,184,1438
2012,경기도,안양시,13.8,287,2082
2012,경기도,부천시,11.6,358,3097
2012,경기도,광명시,13.2,108,818
2012,경기도,평택시,16.1,325,2021
2012,경기도,동두천시,13.5,63,468
2012,경기도,안산시,19.9,563,2835
2012,경기도,고양시,14.4,507,3532
2012,경기도,과천시,9.5,21,222
2012,경기도,구리시,15.8,106,672
2012,경기도,남양주시,15.5,288,1858
2012,경기도,오산시,18.8,132,704
2012,경기도,시흥시,20,451,2252
2012,경기도,군포시,12.5,89,710
2012,경기도,의왕시,21.2,88,415
2012,경기도,하남시,17.5,108,617
2012,경기도,용인시,19.3,487,2525
2012,경기도,파주시,14.6,225,1545
2012,경기도,이천시,22,217,985
2012,경기도,안성시,17.7,149,841
2012,경기도,김포시,16.9,173,1021
2012,경기도,화성시,18.8,376,1998
2012,경기도,광주시,17.4,199,1145
2012,경기도,양주시,13.4,124,925
2012,경기도,포천시,15.4,129,836
2012,경기도,경기 여주군,15.7,73,464
2012,경기도,연천군,6.8,11,162
2012,경기도,가평군,11.5,42,364
2012,경기도,양평군,18.2,75,411
2012,강원도,소계,13.8,1234,8958
2012,강원도,춘천시,13.9,266,1916
2012,강원도,원주시,15.6,368,2356
2012,강원도,강릉시,13.6,160,1178
2012,강원도,동해시,11.7,51,437
2012,강원도,태백시,9.2,18,195
2012,강원도,속초시,14,77,549
2012,강원도,삼척시,13.2,48,364
2012,강원도,홍천군,10.3,39,378
2012,강원도,횡성군,14.7,28,190
2012,강원도,영월군,5.6,10,178
2012,강원도,평창군,9.7,24,248
2012,강원도,정선군,13.9,20,144
2012,강원도,철원군,15.5,30,194
2012,강원도,화천군,16.8,16,95
2012,강원도,양구군,26.2,17,65
2012,강원도,인제군,13,14,108
2012,강원도,고성군,10.1,19,189
2012,강원도,양양군,16.7,29,174
2012,충청북도,소계,14.3,1233,8636
2012,충청북도,충북 청주시,15,542,3606
2012,충청북도,충주시,12.2,147,1201
2012,충청북도,제천시,15.4,144,934
2012,충청북도,충북 청원군,15,140,931
2012,충청북도,보은군,13.1,18,137
2012,충청북도,옥천군,10.7,28,262
2012,충청북도,영동군,14.2,29,204
2012,충청북도,진천군,14.9,44,295
2012,충청북도,괴산군,15.2,25,164
2012,충청북도,음성군,13.8,82,593
2012,충청북도,단양군,11.2,17,152
2012,충청북도,증평군,10.8,17,157
2012,충청남도,소계,21.5,1782,8289
2012,충청남도,천안시,23.4,577,2461
2012,충청남도,공주시,22.2,96,433
2012,충청남도,보령시,16.8,94,558
2012,충청남도,아산시,38.5,222,577
2012,충청남도,서산시,24,161,670
2012,충청남도,논산시,15.2,97,638
2012,충청남도,계룡시,12.5,11,88
2012,충청남도,당진시,25.5,152,596
2012,충청남도,금산군,10.7,31,291
2012,충청남도,충남 연기군,16.1,25,155
2012,충청남도,부여군,15.3,38,248
2012,충청남도,서천군,12.7,45,355
2012,충청남도,청양군,15.3,33,215
2012,충청남도,홍성군,21,67,319
2012,충청남도,예산군,18.2,77,423
2012,충청남도,태안군,21.4,56,262
2012,전라북도,소계,12,1193,9948
2012,전라북도,전주시,14.8,477,3223
2012,전라북도,군산시,11.1,179,1614
2012,전라북도,익산시,8.9,177,1986
2012,전라북도,정읍시,11.3,74,657
2012,전라북도,남원시,8.4,37,443
2012,전라북도,김제시,12.4,56,453
2012,전라북도,완주군,12.5,51,408
2012,전라북도,진안군,12.4,14,113
2012,전라북도,무주군,7.7,6,78
2012,전라북도,장수군,8.6,6,70
2012,전라북도,임실군,6.4,7,109
2012,전라북도,순창군,11.5,14,122
2012,전라북도,고창군,12,31,259
2012,전라북도,부안군,15.5,64,413
2012,전라남도,소계,13.2,1344,10190
2012,전라남도,목포시,12.3,171,1394
2012,전라남도,여수시,16.5,230,1394
2012,전라남도,순천시,14.1,224,1591
2012,전라남도,나주시,10,70,699
2012,전라남도,광양시,17.1,148,868
2012,전라남도,담양군,9.8,26,264
2012,전라남도,곡성군,8.9,12,135
2012,전라남도,구례군,10.5,16,152
2012,전라남도,고흥군,10.5,29,275
2012,전라남도,보성군,7.7,16,208
2012,전라남도,화순군,11.6,39,336
2012,전라남도,장흥군,14.5,37,256
2012,전라남도,강진군,12.3,27,219
2012,전라남도,해남군,7.7,30,389
2012,전라남도,영암군,12.6,70,554
2012,전라남도,무안군,12.8,44,343
2012,전라남도,함평군,9.6,18,188
2012,전라남도,영광군,13.8,38,275
2012,전라남도,장성군,13,32,247
2012,전라남도,완도군,13.7,23,168
2012,전라남도,진도군,14.6,20,137
2012,전라남도,신안군,24.5,24,98
2012,경상북도,소계,13.1,2051,15597
2012,경상북도,포항시,12.5,355,2838
2012,경상북도,경주시,10.5,233,2221
2012,경상북도,김천시,13.3,86,649
2012,경상북도,안동시,11.8,138,1167
2012,경상북도,구미시,18.4,440,2395
2012,경상북도,영주시,13,85,655
2012,경상북도,영천시,14,105,752
2012,경상북도,상주시,6.8,33,488
2012,경상북도,문경시,8.6,35,406
2012,경상북도,경산시,13.4,158,1180
2012,경상북도,군위군,15.9,18,113
2012,경상북도,의성군,9.3,19,205
2012,경상북도,청송군,10.9,14,128
2012,경상북도,영양군,10.3,8,78
2012,경상북도,영덕군,12.4,29,233
2012,경상북도,청도군,15,34,226
2012,경상북도,고령군,12.6,26,206
2012,경상북도,성주군,9.7,29,299
2012,경상북도,칠곡군,18.1,130,717
2012,경상북도,예천군,9.9,21,213
2012,경상북도,봉화군,5.2,9,174
2012,경상북도,울진군,18.1,44,243
2012,경상북도,울릉군,18.2,2,11
2012,경상남도,소계,11.2,1592,14266
2012,경상남도,진주시,12.6,129,1024
2012,경상남도,통영시,11.8,100,845
2012,경상남도,사천시,8.7,61,705
2012,경상남도,김해시,10.8,251,2322
2012,경상남도,밀양시,8.1,44,542
2012,경상남도,거제시,13.5,155,1150
2012,경상남도,양산시,11.4,137,1202
2012,경상남도,창원시,11.8,466,3961
2012,경상남도,의령군,7.1,10,140
2012,경상남도,함안군,10.2,40,391
2012,경상남도,창녕군,13.4,52,388
2012,경상남도,고성군,13.2,36,272
2012,경상남도,남해군,8.5,16,189
2012,경상남도,하동군,8.5,18,213
2012,경상남도,산청군,12.7,19,150
2012,경상남도,함양군,8.5,17,201
2012,경상남도,거창군,9.1,31,341
2012,경상남도,합천군,4.3,10,230
2012,제주특별자치도,소계,11.8,458,3869
2012,제주특별자치도,제주시,12.2,354,2893
2012,제주특별자치도,서귀포시,10.7,104,976
2013,전국,소계,12.3,26589,215354
2013,서울특별시,소계,9,3550,39439
2013,서울특별시,종로구,6.8,86,1274
2013,서울특별시,중구,4.7,68,1442
2013,서울특별시,용산구,9.4,131,1391
2013,서울특별시,성동구,8.5,94,1100
2013,서울특별시,광진구,10.6,138,1303
2013,서울특별시,동대문구,6,119,1970
2013,서울특별시,중랑구,6.6,114,1716
2013,서울특별시,성북구,7.7,118,1536
2013,서울특별시,강북구,7.1,79,1107
2013,서울특별시,도봉구,8,75,934
2013,서울특별시,노원구,7.5,114,1522
2013,서울특별시,은평구,6.8,86,1270
2013,서울특별시,서대문구,6.2,67,1081
2013,서울특별시,마포구,12.2,214,1747
2013,서울특별시,양천구,8.9,119,1340
2013,서울특별시,강서구,9.2,158,1715
2013,서울특별시,구로구,12.4,175,1415
2013,서울특별시,금천구,11.1,104,939
2013,서울특별시,영등포구,8.1,174,2157
2013,서울특별시,동작구,9,111,1233
2013,서울특별시,관악구,8.5,149,1753
2013,서울특별시,서초구,11.1,229,2055
2013,서울특별시,강남구,13,468,3610
2013,서울특별시,송파구,10.1,249,2473
2013,서울특별시,강동구,8.2,111,1356
2013,부산광역시,소계,9.2,1166,12606
2013,부산광역시,중구,5.9,20,338
2013,부산광역시,서구,8.4,30,359
2013,부산광역시,동구,7.6,40,529
2013,부산광역시,영도구,7.3,25,343
2013,부산광역시,부산진구,7.8,113,1450
2013,부산광역시,동래구,9.2,84,916
2013,부산광역시,남구,8.6,71,825
2013,부산광역시,북구,10,72,722
2013,부산광역시,해운대구,11.3,139,1230
2013,부산광역시,사하구,8.6,96,1118
2013,부산광역시,금정구,6.1,66,1079
2013,부산광역시,강서구,12.5,81,649
2013,부산광역시,연제구,10.6,76,718
2013,부산광역시,수영구,11.4,79,690
2013,부산광역시,사상구,10.1,110,1093
2013,부산광역시,기장군,11.7,64,547
2013,대구광역시,소계,9.4,1281,13680
2013,대구광역시,중구,8.1,89,1095
2013,대구광역시,동구,9.7,160,1647
2013,대구광역시,서구,9.2,120,1310
2013,대구광역시,남구,10.7,99,922
2013,대구광역시,북구,8.9,228,2548
2013,대구광역시,수성구,9.8,197,2016
2013,대구광역시,달서구,9.4,314,3327
2013,대구광역시,달성군,9.1,74,815
2013,인천광역시,소계,14.8,1331,8990
2013,인천광역시,중구,17.8,82,461
2013,인천광역시,동구,13.8,27,195
2013,인천광역시,남구,13.6,205,1512
2013,인천광역시,연수구,19,146,769
2013,인천광역시,남동구,14.1,267,1890
2013,인천광역시,부평구,12.4,189,1528
2013,인천광역시,계양구,11.8,106,895
2013,인천광역시,서구,16.8,249,1484
2013,인천광역시,강화군,19.7,38,193
2013,인천광역시,옹진군,34.9,22,63
2013,광주광역시,소계,13.2,1058,8036
2013,광주광역시,동구,11.3,75,662
2013,광주광역시,서구,13.7,276,2019
2013,광주광역시,남구,12.3,105,856
2013,광주광역시,북구,12,290,2412
2013,광주광역시,광산구,14.9,312,2087
2013,대전광역시,소계,17,931,5462
2013,대전광역시,동구,14.1,161,1140
2013,대전광역시,중구,13.1,133,1013
2013,대전광역시,서구,19.8,336,1695
2013,대전광역시,유성구,19,172,906
2013,대전광역시,대덕구,18.2,129,708
2013,울산광역시,소계,17.3,871,5022
2013,울산광역시,중구,15.1,132,874
2013,울산광역시,남구,19.3,310,1605
2013,울산광역시,동구,15.1,117,775
2013,울산광역시,북구,18.4,140,760
2013,울산광역시,울주군,17.1,172,1008
2013,세종특별자치시,소계,17.5,78,445
2013,경기도,소계,14.9,6543,43900
2013,경기도,수원시,14.3,646,4513
2013,경기도,성남시,13.1,391,2981
2013,경기도,의정부시,13.1,193,1477
2013,경기도,안양시,13.4,276,2060
2013,경기도,부천시,11.7,350,3000
2013,경기도,광명시,11.6,90,776
2013,경기도,평택시,15.6,309,1977
2013,경기도,동두천시,9.8,44,447
2013,경기도,안산시,17.2,466,2716
2013,경기도,고양시,12.8,451,3532
2013,경기도,과천시,11.7,24,205
2013,경기도,구리시,16.1,110,683
2013,경기도,남양주시,15.6,303,1944
2013,경기도,오산시,20.6,148,720
2013,경기도,시흥시,17,335,1966
2013,경기도,군포시,12.4,88,710
2013,경기도,의왕시,15.1,65,430
2013,경기도,하남시,13.4,77,573
2013,경기도,용인시,18.3,444,2426
2013,경기도,파주시,14.9,229,1532
2013,경기도,이천시,17.4,152,873
2013,경기도,안성시,15,141,940
2013,경기도,김포시,15.5,170,1098
2013,경기도,화성시,19,365,1923
2013,경기도,광주시,15.8,173,1093
2013,경기도,양주시,12,116,969
2013,경기도,포천시,18.7,167,892
2013,경기도,여주시,15.1,77,509
2013,경기도,연천군,9.7,17,175
2013,경기도,가평군,12.1,44,363
2013,경기도,양평군,20.7,82,397
2013,강원도,소계,12.5,1066,8529
2013,강원도,춘천시,11.7,207,1770
2013,강원도,원주시,14,313,2232
2013,강원도,강릉시,13.6,143,1052
2013,강원도,동해시,10.8,48,445
2013,강원도,태백시,6.2,12,194
2013,강원도,속초시,10.8,59,545
2013,강원도,삼척시,9.6,39,406
2013,강원도,홍천군,10.6,39,367
2013,강원도,횡성군,10.5,24,228
2013,강원도,영월군,16.7,27,162
2013,강원도,평창군,9,21,233
2013,강원도,정선군,16,24,150
2013,강원도,철원군,18,32,178
2013,강원도,화천군,10.1,8,79
2013,강원도,양구군,8.5,7,82
2013,강원도,인제군,15.9,14,88
2013,강원도,고성군,14.6,26,178
2013,강원도,양양군,16.4,23,140
2013,충청북도,소계,13.7,1162,8501
2013,충청북도,충북 청주시,13.7,498,3637
2013,충청북도,충주시,13.2,150,1137
2013,충청북도,제천시,11.8,111,944
2013,충청북도,충북 청원군,14.3,127,890
2013,충청북도,보은군,12.6,19,151
2013,충청북도,옥천군,15,36,240
2013,충청북도,영동군,11.6,20,173
2013,충청북도,진천군,15.5,50,323
2013,충청북도,괴산군,12.4,21,169
2013,충청북도,음성군,16.2,84,518
2013,충청북도,단양군,11.7,18,154
2013,충청북도,증평군,17,28,165
2013,충청남도,소계,19.4,1529,7899
2013,충청남도,천안시,21.2,425,2003
2013,충청남도,공주시,18.3,81,443
2013,충청남도,보령시,19.8,104,525
2013,충청남도,아산시,33.6,183,544
2013,충청남도,서산시,18.3,128,700
2013,충청남도,논산시,15.5,95,614
2013,충청남도,계룡시,16.3,13,80
2013,충청남도,당진시,21,172,819
2013,충청남도,금산군,12.4,32,258
2013,충청남도,부여군,12.2,30,245
2013,충청남도,서천군,13.3,41,309
2013,충청남도,청양군,10.4,20,192
2013,충청남도,홍성군,16,72,451
2013,충청남도,예산군,16.5,69,419
2013,충청남도,태안군,21.5,64,297
2013,전라북도,소계,10.6,1003,9448
2013,전라북도,전주시,12.8,379,2960
2013,전라북도,군산시,10.2,156,1522
2013,전라북도,익산시,8,151,1889
2013,전라북도,정읍시,8.2,52,634
2013,전라북도,남원시,9,39,434
2013,전라북도,김제시,9.7,47,483
2013,전라북도,완주군,14.6,54,369
2013,전라북도,진안군,9.8,13,132
2013,전라북도,무주군,9.7,9,93
2013,전라북도,장수군,12.5,10,80
2013,전라북도,임실군,6.5,7,107
2013,전라북도,순창군,10.2,14,137
2013,전라북도,고창군,10.9,21,192
2013,전라북도,부안군,12.3,51,416
2013,전라남도,소계,13.1,1325,10077
2013,전라남도,목포시,14.9,209,1399
2013,전라남도,여수시,16.5,208,1262
2013,전라남도,순천시,13.9,213,1534
2013,전라남도,나주시,11.8,82,697
2013,전라남도,광양시,14.2,126,886
2013,전라남도,담양군,12.9,38,294
2013,전라남도,곡성군,12.7,18,142
2013,전라남도,구례군,9,12,133
2013,전라남도,고흥군,13.8,38,276
2013,전라남도,보성군,11.7,25,214
2013,전라남도,화순군,10.8,38,353
2013,전라남도,장흥군,12.6,32,254
2013,전라남도,강진군,9.8,22,224
2013,전라남도,해남군,10.2,41,403
2013,전라남도,영암군,12.7,65,512
2013,전라남도,무안군,10.2,42,410
2013,전라남도,함평군,9.1,17,186
2013,전라남도,영광군,9,24,267
2013,전라남도,장성군,8.9,21,236
2013,전라남도,완도군,15.8,28,177
2013,전라남도,진도군,13.3,17,128
2013,전라남도,신안군,10,9,90
2013,경상북도,소계,11.2,1710,15269
2013,경상북도,포항시,10.8,311,2876
2013,경상북도,경주시,9.1,198,2174
2013,경상북도,김천시,11,69,626
2013,경상북도,안동시,9.9,115,1164
2013,경상북도,구미시,16.8,356,2122
2013,경상북도,영주시,8.7,57,653
2013,경상북도,영천시,8.9,60,671
2013,경상북도,상주시,7.4,45,607
2013,경상북도,문경시,9,39,434
2013,경상북도,경산시,10,123,1234
2013,경상북도,군위군,24.5,23,94
2013,경상북도,의성군,3.5,7,200
2013,경상북도,청송군,8.1,10,124
2013,경상북도,영양군,24.1,20,83
2013,경상북도,영덕군,11,25,228
2013,경상북도,청도군,13,28,216
2013,경상북도,고령군,11.6,22,190
2013,경상북도,성주군,11.5,33,286
2013,경상북도,칠곡군,15.3,107,701
2013,경상북도,예천군,9.3,16,172
2013,경상북도,봉화군,4.3,7,161
2013,경상북도,울진군,16.2,38,234
2013,경상북도,울릉군,5.3,1,19
2013,경상남도,소계,11.4,1569,13749
2013,경상남도,진주시,12.4,142,1144
2013,경상남도,통영시,11.6,95,816
2013,경상남도,사천시,8.3,57,684
2013,경상남도,김해시,10.2,214,2099
2013,경상남도,밀양시,10,47,472
2013,경상남도,거제시,15.3,187,1224
2013,경상남도,양산시,10,106,1064
2013,경상남도,창원시,11.6,443,3809
2013,경상남도,의령군,9.5,15,158
2013,경상남도,함안군,13.6,46,339
2013,경상남도,창녕군,16.2,60,370
2013,경상남도,고성군,10.5,25,237
2013,경상남도,남해군,11.3,28,247
2013,경상남도,하동군,10.5,21,200
2013,경상남도,산청군,13.3,22,165
2013,경상남도,함양군,8.1,17,211
2013,경상남도,거창군,10.1,30,297
2013,경상남도,합천군,6.6,14,213
2013,제주특별자치도,소계,9.7,416,4302
2013,제주특별자치도,제주시,9.9,317,3194
2013,제주특별자치도,서귀포시,8.9,99,1108
2014,전국,소계,10.8,24043,223552
2014,서울특별시,소계,8.2,3361,40792
2014,서울특별시,종로구,5.6,74,1314
2014,서울특별시,중구,4.9,64,1305
2014,서울특별시,용산구,8,108,1350
2014,서울특별시,성동구,10.2,121,1189
2014,서울특별시,광진구,10.1,150,1480
2014,서울특별시,동대문구,6.6,122,1848
2014,서울특별시,중랑구,6.5,106,1622
2014,서울특별시,성북구,6.2,103,1664
2014,서울특별시,강북구,7.2,94,1313
2014,서울특별시,도봉구,6.1,56,919
2014,서울특별시,노원구,6.8,103,1516
2014,서울특별시,은평구,6,79,1325
2014,서울특별시,서대문구,7.5,84,1122
2014,서울특별시,마포구,10.6,187,1759
2014,서울특별시,양천구,8.7,128,1466
2014,서울특별시,강서구,8.3,150,1806
2014,서울특별시,구로구,10,157,1566
2014,서울특별시,금천구,9.4,97,1029
2014,서울특별시,영등포구,8.8,193,2193
2014,서울특별시,동작구,5.1,72,1399
2014,서울특별시,관악구,7.2,124,1716
2014,서울특별시,서초구,9.6,212,2217
2014,서울특별시,강남구,11.8,426,3624
2014,서울특별시,송파구,9.2,241,2608
2014,서울특별시,강동구,7.6,110,1442
2014,부산광역시,소계,7.8,996,12693
2014,부산광역시,중구,4.5,17,381
2014,부산광역시,서구,5.7,26,458
2014,부산광역시,동구,4.2,24,574
2014,부산광역시,영도구,4.2,14,335
2014,부산광역시,부산진구,7.8,122,1558
2014,부산광역시,동래구,7,67,960
2014,부산광역시,남구,7.8,67,859
2014,부산광역시,북구,8.1,55,679
2014,부산광역시,해운대구,10.3,144,1392
2014,부산광역시,사하구,7.5,83,1111
2014,부산광역시,금정구,5.2,51,979
2014,부산광역시,강서구,10.3,61,592
2014,부산광역시,연제구,8.3,58,698
2014,부산광역시,수영구,8.3,60,723
2014,부산광역시,사상구,7,63,905
2014,부산광역시,기장군,17.2,84,489
2014,대구광역시,소계,8.4,1219,14519
2014,대구광역시,중구,6.9,85,1228
2014,대구광역시,동구,7.7,141,1830
2014,대구광역시,서구,9.3,125,1341
2014,대구광역시,남구,8.6,84,981
2014,대구광역시,북구,8.3,197,2382
2014,대구광역시,수성구,8.3,183,2203
2014,대구광역시,달서구,8.6,311,3625
2014,대구광역시,달성군,10,93,929
2014,인천광역시,소계,13.3,1180,8846
2014,인천광역시,중구,14.1,68,483
2014,인천광역시,동구,11.3,18,160
2014,인천광역시,남구,12.6,166,1319
2014,인천광역시,연수구,18.3,124,678
2014,인천광역시,남동구,12.2,244,1994
2014,인천광역시,부평구,12.7,197,1550
2014,인천광역시,계양구,12.8,126,987
2014,인천광역시,서구,14.2,203,1426
2014,인천광역시,강화군,11,25,228
2014,인천광역시,옹진군,42.9,9,21
2014,광주광역시,소계,11.1,913,8194
2014,광주광역시,동구,7.8,55,707
2014,광주광역시,서구,10.9,223,2052
2014,광주광역시,남구,8.5,82,963
2014,광주광역시,북구,11.4,272,2392
2014,광주광역시,광산구,13.5,281,2080
2014,대전광역시,소계,12.7,751,5899
2014,대전광역시,동구,10.3,102,990
2014,대전광역시,중구,10.4,126,1211
2014,대전광역시,서구,14.1,268,1904
2014,대전광역시,유성구,14.8,166,1121
2014,대전광역시,대덕구,13.2,89,673
2014,울산광역시,소계,16.9,874,5180
2014,울산광역시,중구,14.8,142,960
2014,울산광역시,남구,18.8,312,1662
2014,울산광역시,동구,13.8,100,726
2014,울산광역시,북구,16.4,134,819
2014,울산광역시,울주군,18.4,186,1013
2014,세종특별자치시,소계,16.8,81,482
2014,경기도,소계,12,5765,48112
2014,경기도,수원시,12.3,586,4764
2014,경기도,성남시,10.5,375,3577
2014,경기도,의정부시,10.7,165,1545
2014,경기도,안양시,10.8,214,1990
2014,경기도,부천시,9.1,281,3080
2014,경기도,광명시,9.3,87,936
2014,경기도,평택시,11.6,260,2244
2014,경기도,동두천시,9.2,43,465
2014,경기도,안산시,13.5,458,3381
2014,경기도,고양시,11.9,460,3875
2014,경기도,과천시,12,26,217
2014,경기도,구리시,11.6,81,699
2014,경기도,남양주시,10.6,215,2036
2014,경기도,오산시,16.5,128,776
2014,경기도,시흥시,15.9,308,1936
2014,경기도,군포시,9.9,74,748
2014,경기도,의왕시,12,63,523
2014,경기도,하남시,9.9,71,719
2014,경기도,용인시,13.9,379,2734
2014,경기도,파주시,12.9,211,1638
2014,경기도,이천시,16.6,146,881
2014,경기도,안성시,10.4,104,999
2014,경기도,김포시,11,162,1469
2014,경기도,화성시,13,289,2222
2014,경기도,광주시,13.1,156,1189
2014,경기도,양주시,9.5,102,1070
2014,경기도,포천시,16.2,145,894
2014,경기도,여주시,12.4,69,557
2014,경기도,연천군,8.3,17,205
2014,경기도,가평군,11.9,45,377
2014,경기도,양평군,12.3,45,366
2014,강원도,소계,10.6,909,8605
2014,강원도,춘천시,8.9,151,1689
2014,강원도,원주시,11,254,2308
2014,강원도,강릉시,11.2,130,1165
2014,강원도,동해시,6.8,34,502
2014,강원도,태백시,8.6,18,209
2014,강원도,속초시,13.2,68,514
2014,강원도,삼척시,9.7,40,414
2014,강원도,홍천군,11.5,39,339
2014,강원도,횡성군,11.7,22,188
2014,강원도,영월군,5.6,8,144
2014,강원도,평창군,14.5,34,235
2014,강원도,정선군,10.4,13,125
2014,강원도,철원군,17.4,28,161
2014,강원도,화천군,17.7,14,79
2014,강원도,양구군,14.1,13,92
2014,강원도,인제군,11.7,14,120
2014,강원도,고성군,6.3,10,159
2014,강원도,양양군,11.7,19,162
2014,충청북도,소계,11.6,1035,8937
2014,충청북도,충주시,10.8,137,1268
2014,충청북도,제천시,9.1,88,966
2014,충청북도,청주시,11.9,563,4743
2014,충청북도,보은군,13.2,17,129
2014,충청북도,옥천군,11.5,30,262
2014,충청북도,영동군,11.8,25,211
2014,충청북도,진천군,15.6,54,347
2014,충청북도,괴산군,10.5,16,152
2014,충청북도,음성군,14.4,77,533
2014,충청북도,단양군,8.7,12,138
2014,충청북도,증평군,8.5,16,188
2014,충청남도,소계,16.9,1411,8360
2014,충청남도,천안시,19.2,442,2306
2014,충청남도,공주시,14.1,62,439
2014,충청남도,보령시,18.8,88,469
2014,충청남도,아산시,22.1,157,712
2014,충청남도,서산시,17.7,131,739
2014,충청남도,논산시,12.9,76,589
2014,충청남도,계룡시,15.1,11,73
2014,충청남도,당진시,16.5,118,715
2014,충청남도,금산군,13.2,34,258
2014,충청남도,부여군,10.2,30,294
2014,충청남도,서천군,11.9,40,337
2014,충청남도,청양군,10.4,20,193
2014,충청남도,홍성군,13.4,61,456
2014,충청남도,예산군,18,79,440
2014,충청남도,태안군,18.2,62,340
2014,전라북도,소계,9.2,882,9569
2014,전라북도,전주시,11.4,335,2932
2014,전라북도,군산시,6.9,121,1759
2014,전라북도,익산시,8.9,153,1715
2014,전라북도,정읍시,8.9,62,695
2014,전라북도,남원시,10.5,41,389
2014,전라북도,김제시,5.9,29,490
2014,전라북도,완주군,11.2,47,421
2014,전라북도,진안군,4.3,5,115
2014,전라북도,무주군,6.5,7,107
2014,전라북도,장수군,3.7,3,82
2014,전라북도,임실군,8.7,10,115
2014,전라북도,순창군,7.5,11,146
2014,전라북도,고창군,6,15,251
2014,전라북도,부안군,12.2,43,352
2014,전라남도,소계,11.4,1156,10100
2014,전라남도,목포시,11.6,167,1437
2014,전라남도,여수시,13.4,178,1331
2014,전라남도,순천시,11.3,168,1493
2014,전라남도,나주시,9.4,61,649
2014,전라남도,광양시,15.1,132,873
2014,전라남도,담양군,9.9,32,324
2014,전라남도,곡성군,6.9,10,144
2014,전라남도,구례군,7.5,11,146
2014,전라남도,고흥군,8.6,23,268
2014,전라남도,보성군,13.9,34,245
2014,전라남도,화순군,7,21,300
2014,전라남도,장흥군,5,12,241
2014,전라남도,강진군,10.1,24,238
2014,전라남도,해남군,9.6,34,353
2014,전라남도,영암군,12.1,71,587
2014,전라남도,무안군,11.9,56,469
2014,전라남도,함평군,11.3,21,186
2014,전라남도,영광군,12.4,32,259
2014,전라남도,장성군,8.8,19,217
2014,전라남도,완도군,15,21,140
2014,전라남도,진도군,14,16,114
2014,전라남도,신안군,15.1,13,86
2014,경상북도,소계,10.8,1664,15346
2014,경상북도,포항시,8.6,253,2934
2014,경상북도,경주시,9.6,204,2123
2014,경상북도,김천시,12.6,78,619
2014,경상북도,안동시,10.7,120,1121
2014,경상북도,구미시,16.9,351,2079
2014,경상북도,영주시,5.8,36,624
2014,경상북도,영천시,6.4,41,642
2014,경상북도,상주시,6.3,33,520
2014,경상북도,문경시,6.5,26,403
2014,경상북도,경산시,11.4,169,1484
2014,경상북도,군위군,8,9,113
2014,경상북도,의성군,15.7,40,255
2014,경상북도,청송군,9.8,14,143
2014,경상북도,영양군,7.5,6,80
2014,경상북도,영덕군,14.5,33,227
2014,경상북도,청도군,14.7,34,231
2014,경상북도,고령군,10.9,22,201
2014,경상북도,성주군,11.2,30,267
2014,경상북도,칠곡군,13.1,92,700
2014,경상북도,예천군,8.3,15,181
2014,경상북도,봉화군,9.9,16,162
2014,경상북도,울진군,17.7,38,215
2014,경상북도,울릉군,18.2,4,22
2014,경상남도,소계,10.7,1431,13434
2014,경상남도,진주시,10,103,1035
2014,경상남도,통영시,11.4,84,734
2014,경상남도,사천시,8.8,66,754
2014,경상남도,김해시,9.1,196,2154
2014,경상남도,밀양시,9,45,502
2014,경상남도,거제시,14.6,190,1301
2014,경상남도,양산시,9.2,106,1150
2014,경상남도,창원시,12.4,435,3504
2014,경상남도,의령군,13.2,20,152
2014,경상남도,함안군,7.4,27,366
2014,경상남도,창녕군,8.8,31,354
2014,경상남도,고성군,7.2,18,250
2014,경상남도,남해군,8.3,19,228
2014,경상남도,하동군,8,15,187
2014,경상남도,산청군,15.7,25,159
2014,경상남도,함양군,10.3,19,185
2014,경상남도,거창군,8.3,20,242
2014,경상남도,합천군,6.8,12,177
2014,제주특별자치도,소계,9.3,415,4484
2014,제주특별자치도,제주시,9.6,320,3330
2014,제주특별자치도,서귀포시,8.2,95,1154
2015,전국,소계,10.5,24399,232035
2015,서울특별시,소계,8.3,3453,41665
2015,서울특별시,종로구,4.8,68,1414
2015,서울특별시,중구,4.3,57,1338
2015,서울특별시,용산구,8.9,135,1516
2015,서울특별시,성동구,7.2,88,1227
2015,서울특별시,광진구,12,148,1235
2015,서울특별시,동대문구,6.9,143,2085
2015,서울특별시,중랑구,5.5,94,1722
2015,서울특별시,성북구,6,101,1680
2015,서울특별시,강북구,7,88,1265
2015,서울특별시,도봉구,6.6,60,914
2015,서울특별시,노원구,7.7,112,1459
2015,서울특별시,은평구,8,96,1203
2015,서울특별시,서대문구,6.3,68,1071
2015,서울특별시,마포구,11,199,1802
2015,서울특별시,양천구,8.6,137,1596
2015,서울특별시,강서구,8,154,1932
2015,서울특별시,구로구,10.9,164,1508
2015,서울특별시,금천구,10.9,100,914
2015,서울특별시,영등포구,7.1,176,2462
2015,서울특별시,동작구,8.2,114,1386
2015,서울특별시,관악구,8.7,141,1625
2015,서울특별시,서초구,9.1,196,2160
2015,서울특별시,강남구,11.8,470,3970
2015,서울특별시,송파구,8.3,222,2687
2015,서울특별시,강동구,8.2,122,1494
2015,부산광역시,소계,8,1024,12757
2015,부산광역시,중구,8,27,337
2015,부산광역시,서구,6.6,34,514
2015,부산광역시,동구,5.3,28,528
2015,부산광역시,영도구,5.8,23,394
2015,부산광역시,부산진구,7.4,106,1431
2015,부산광역시,동래구,7,71,1019
2015,부산광역시,남구,5.6,50,886
2015,부산광역시,북구,10.3,77,749
2015,부산광역시,해운대구,10.1,129,1278
2015,부산광역시,사하구,8,93,1159
2015,부산광역시,금정구,5.3,52,984
2015,부산광역시,강서구,9.7,61,630
2015,부산광역시,연제구,8,54,678
2015,부산광역시,수영구,8.2,62,756
2015,부산광역시,사상구,7.7,74,955
2015,부산광역시,기장군,18.1,83,459
2015,대구광역시,소계,8,1134,14228
2015,대구광역시,중구,7.7,94,1219
2015,대구광역시,동구,8.5,147,1737
2015,대구광역시,서구,6.3,92,1451
2015,대구광역시,남구,7,68,972
2015,대구광역시,북구,7,171,2430
2015,대구광역시,수성구,10.3,219,2120
2015,대구광역시,달서구,8,278,3493
2015,대구광역시,달성군,8.1,65,806
2015,인천광역시,소계,13.6,1185,8727
2015,인천광역시,중구,16.8,81,481
2015,인천광역시,동구,11.3,15,133
2015,인천광역시,남구,12.7,168,1327
2015,인천광역시,연수구,15.4,109,706
2015,인천광역시,남동구,13.3,263,1979
2015,인천광역시,부평구,13.3,192,1447
2015,인천광역시,계양구,10.2,99,969
2015,인천광역시,서구,15.1,212,1404
2015,인천광역시,강화군,12.6,30,239
2015,인천광역시,옹진군,38.1,16,42
2015,광주광역시,소계,11.1,874,7864
2015,광주광역시,동구,8.2,55,672
2015,광주광역시,서구,13.2,277,2099
2015,광주광역시,남구,8.5,78,922
2015,광주광역시,북구,10.9,236,2171
2015,광주광역시,광산구,11.4,228,2000
2015,대전광역시,소계,10.7,736,6901
2015,대전광역시,동구,8.7,104,1194
2015,대전광역시,중구,10.7,130,1217
2015,대전광역시,서구,11.6,263,2265
2015,대전광역시,유성구,11,160,1449
2015,대전광역시,대덕구,10.2,79,776
2015,울산광역시,소계,15,807,5368
2015,울산광역시,중구,15,155,1036
2015,울산광역시,남구,15.7,283,1806
2015,울산광역시,동구,15,89,592
2015,울산광역시,북구,16.9,143,846
2015,울산광역시,울주군,12.6,137,1088
2015,세종특별자치시,소계,18.3,98,536
2015,경기도,소계,11.4,6032,52954
2015,경기도,수원시,12.2,637,5233
2015,경기도,성남시,9.9,368,3729
2015,경기도,의정부시,10.2,173,1702
2015,경기도,안양시,11.4,244,2132
2015,경기도,부천시,8.5,286,3362
2015,경기도,광명시,7.5,90,1195
2015,경기도,평택시,11.5,305,2641
2015,경기도,동두천시,9.3,46,494
2015,경기도,안산시,11.3,442,3920
2015,경기도,고양시,12.5,490,3929
2015,경기도,과천시,7.7,19,247
2015,경기도,구리시,9.8,67,681
2015,경기도,남양주시,10.7,228,2124
2015,경기도,오산시,15.3,128,838
2015,경기도,시흥시,12.7,292,2294
2015,경기도,군포시,9.5,78,822
2015,경기도,의왕시,12.1,77,639
2015,경기도,하남시,9.4,79,840
2015,경기도,용인시,12.5,392,3132
2015,경기도,파주시,11.7,207,1763
2015,경기도,이천시,14.5,130,897
2015,경기도,안성시,11.7,123,1050
2015,경기도,김포시,10.8,175,1621
2015,경기도,화성시,12.6,316,2501
2015,경기도,광주시,15.4,192,1244
2015,경기도,양주시,10,106,1062
2015,경기도,포천시,13.5,133,988
2015,경기도,여주시,11,74,672
2015,경기도,연천군,9.1,24,264
2015,경기도,가평군,11.6,46,395
2015,경기도,양평군,12,65,543
2015,강원도,소계,10.8,959,8912
2015,강원도,춘천시,9.4,167,1776
2015,강원도,원주시,11.8,278,2363
2015,강원도,강릉시,11.7,128,1096
2015,강원도,동해시,9.1,52,569
2015,강원도,태백시,8.4,21,251
2015,강원도,속초시,13.3,69,519
2015,강원도,삼척시,9,37,412
2015,강원도,홍천군,8.3,26,313
2015,강원도,횡성군,12.3,30,244
2015,강원도,영월군,9.5,14,147
2015,강원도,평창군,11.8,27,229
2015,강원도,정선군,12,22,184
2015,강원도,철원군,10.6,20,189
2015,강원도,화천군,5.9,4,68
2015,강원도,양구군,22.9,19,83
2015,강원도,인제군,15.4,18,117
2015,강원도,고성군,5.7,10,174
2015,강원도,양양군,9.6,17,178
2015,충청북도,소계,11.6,1081,9335
2015,충청북도,충주시,10.1,134,1332
2015,충청북도,제천시,9.4,83,887
2015,충청북도,청주시,12,594,4966
2015,충청북도,충북 청원군,-,-,-
2015,충청북도,보은군,13.5,18,133
2015,충청북도,옥천군,12.3,30,243
2015,충청북도,영동군,9.5,18,190
2015,충청북도,진천군,13.1,59,450
2015,충청북도,괴산군,15,27,180
2015,충청북도,음성군,13.7,80,583
2015,충청북도,단양군,9.5,15,158
2015,충청북도,증평군,10.8,23,213
2015,충청남도,소계,15.5,1461,9421
2015,충청남도,천안시,16.6,420,2525
2015,충청남도,공주시,15.1,71,469
2015,충청남도,보령시,13.6,79,582
2015,충청남도,아산시,20,234,1171
2015,충청남도,서산시,17.3,121,699
2015,충청남도,논산시,12.5,73,582
2015,충청남도,계룡시,16.9,14,83
2015,충청남도,당진시,16.6,148,889
2015,충청남도,금산군,7.1,17,239
2015,충청남도,부여군,13.2,43,326
2015,충청남도,서천군,9.7,34,350
2015,충청남도,청양군,12.7,30,236
2015,충청남도,홍성군,13.5,65,480
2015,충청남도,예산군,12.3,57,464
2015,충청남도,태안군,16.9,55,326
2015,전라북도,소계,10.4,920,8873
2015,전라북도,전주시,14,355,2532
2015,전라북도,군산시,8.9,160,1793
2015,전라북도,익산시,8.1,127,1573
2015,전라북도,정읍시,9,51,568
2015,전라북도,남원시,10.6,38,358
2015,전라북도,김제시,7.2,38,527
2015,전라북도,완주군,12.1,48,396
2015,전라북도,진안군,6.9,7,101
2015,전라북도,무주군,17.3,13,75
2015,전라북도,장수군,9.5,7,74
2015,전라북도,임실군,3.8,5,132
2015,전라북도,순창군,6.8,10,146
2015,전라북도,고창군,9.7,21,217
2015,전라북도,부안군,10.5,40,381
2015,전라남도,소계,11.3,1176,10420
2015,전라남도,목포시,12.9,206,1595
2015,전라남도,여수시,12.3,170,1382
2015,전라남도,순천시,10.6,154,1454
2015,전라남도,나주시,11.6,74,639
2015,전라남도,광양시,16.1,140,867
2015,전라남도,담양군,11.9,43,360
2015,전라남도,곡성군,5.9,8,136
2015,전라남도,구례군,8.2,12,146
2015,전라남도,고흥군,10.4,33,317
2015,전라남도,보성군,9.5,24,252
2015,전라남도,화순군,8.5,30,353
2015,전라남도,장흥군,8.9,23,258
2015,전라남도,강진군,7.3,17,234
2015,전라남도,해남군,10.6,41,388
2015,전라남도,영암군,9.9,53,536
2015,전라남도,무안군,10,44,442
2015,전라남도,함평군,3.3,6,180
2015,전라남도,영광군,8.2,19,232
2015,전라남도,장성군,9.8,24,246
2015,전라남도,완도군,9.4,17,180
2015,전라남도,진도군,15.2,19,125
2015,전라남도,신안군,19.4,19,98
2015,경상북도,소계,10.1,1596,15752
2015,경상북도,포항시,8.2,241,2925
2015,경상북도,경주시,8.8,180,2057
2015,경상북도,김천시,10.8,66,612
2015,경상북도,안동시,10,111,1113
2015,경상북도,구미시,13.8,301,2181
2015,경상북도,영주시,7.2,49,682
2015,경상북도,영천시,8.7,62,711
2015,경상북도,상주시,6.2,38,610
2015,경상북도,문경시,8.5,34,401
2015,경상북도,경산시,11.1,167,1500
2015,경상북도,군위군,12.6,16,127
2015,경상북도,의성군,8.4,21,250
2015,경상북도,청송군,10,12,120
2015,경상북도,영양군,5.1,4,78
2015,경상북도,영덕군,9.8,26,266
2015,경상북도,청도군,15.1,37,245
2015,경상북도,고령군,12.2,29,237
2015,경상북도,성주군,8.4,21,251
2015,경상북도,칠곡군,14.6,111,760
2015,경상북도,예천군,7.7,17,220
2015,경상북도,봉화군,9,15,167
2015,경상북도,울진군,15.3,34,222
2015,경상북도,울릉군,23.5,4,17
2015,경상남도,소계,10.2,1397,13677
2015,경상남도,진주시,11.4,115,1010
2015,경상남도,통영시,9,73,815
2015,경상남도,사천시,8.3,64,773
2015,경상남도,김해시,9.5,220,2317
2015,경상남도,밀양시,8.4,41,489
2015,경상남도,거제시,14.2,178,1254
2015,경상남도,양산시,10,136,1354
2015,경상남도,창원시,11.8,398,3387
2015,경상남도,의령군,5,6,120
2015,경상남도,함안군,8.6,31,359
2015,경상남도,창녕군,12,39,325
2015,경상남도,고성군,7.8,23,295
2015,경상남도,남해군,8.6,18,209
2015,경상남도,하동군,4.6,9,195
2015,경상남도,산청군,6.6,10,152
2015,경상남도,함양군,5.7,10,175
2015,경상남도,거창군,6.6,18,272
2015,경상남도,합천군,4.5,8,176
2015,제주특별자치도,소계,10,466,4645
2015,제주특별자치도,제주시,10.1,341,3382
2015,제주특별자치도,서귀포시,9.9,125,1263
2016,전국,소계,8.9,19769,220917
2016,서울특별시,소계,7.2,2874,40039
2016,서울특별시,종로구,5.9,77,1299
2016,서울특별시,중구,4,51,1288
2016,서울특별시,용산구,8.3,118,1428
2016,서울특별시,성동구,7.3,80,1099
2016,서울특별시,광진구,10,104,1045
2016,서울특별시,동대문구,5.2,106,2051
2016,서울특별시,중랑구,4.7,72,1535
2016,서울특별시,성북구,6.6,107,1618
2016,서울특별시,강북구,7.2,88,1227
2016,서울특별시,도봉구,5.1,48,949
2016,서울특별시,노원구,7.2,111,1535
2016,서울특별시,은평구,7.3,82,1121
2016,서울특별시,서대문구,6.6,75,1135
2016,서울특별시,마포구,10.1,178,1768
2016,서울특별시,양천구,6.3,94,1493
2016,서울특별시,강서구,7.6,128,1691
2016,서울특별시,구로구,7.9,119,1511
2016,서울특별시,금천구,9.1,73,799
2016,서울특별시,영등포구,6,145,2403
2016,서울특별시,동작구,5.4,80,1471
2016,서울특별시,관악구,6.1,86,1408
2016,서울특별시,서초구,6.5,150,2313
2016,서울특별시,강남구,10.6,406,3828
2016,서울특별시,송파구,7.7,199,2598
2016,서울특별시,강동구,6.8,97,1426
2016,부산광역시,소계,6.5,789,12192
2016,부산광역시,중구,4.3,14,328
2016,부산광역시,서구,3.6,16,440
2016,부산광역시,동구,3.8,20,524
2016,부산광역시,영도구,4.1,14,342
2016,부산광역시,부산진구,5.2,77,1481
2016,부산광역시,동래구,5.4,57,1056
2016,부산광역시,남구,7.3,61,833
2016,부산광역시,북구,5.2,41,793
2016,부산광역시,해운대구,9.5,121,1270
2016,부산광역시,사하구,7.2,76,1059
2016,부산광역시,금정구,5.4,46,846
2016,부산광역시,강서구,7.5,38,506
2016,부산광역시,연제구,6.7,41,608
2016,부산광역시,수영구,6.9,47,680
2016,부산광역시,사상구,6.5,65,999
2016,부산광역시,기장군,12.9,55,427
2016,대구광역시,소계,7.2,938,13098
2016,대구광역시,중구,6.5,75,1150
2016,대구광역시,동구,7.5,120,1610
2016,대구광역시,서구,6,80,1323
2016,대구광역시,남구,8.3,71,859
2016,대구광역시,북구,6.6,152,2298
2016,대구광역시,수성구,7.7,152,1971
2016,대구광역시,달서구,7.2,222,3089
2016,대구광역시,달성군,8.3,66,798
2016,인천광역시,소계,12.3,1049,8535
2016,인천광역시,중구,10.9,47,430
2016,인천광역시,동구,10,14,140
2016,인천광역시,남구,11.5,140,1215
2016,인천광역시,연수구,13.8,94,682
2016,인천광역시,남동구,12.6,243,1926
2016,인천광역시,부평구,11.7,172,1474
2016,인천광역시,계양구,10.6,100,947
2016,인천광역시,서구,13.7,201,1472
2016,인천광역시,강화군,11.9,25,210
2016,인천광역시,옹진군,33.3,13,39
2016,광주광역시,소계,10.4,764,7354
2016,광주광역시,동구,9.7,46,474
2016,광주광역시,서구,11.4,219,1924
2016,광주광역시,남구,8.1,66,819
2016,광주광역시,북구,8.6,188,2178
2016,광주광역시,광산구,12.5,245,1959
2016,대전광역시,소계,8.8,665,7535
2016,대전광역시,동구,8.8,95,1079
2016,대전광역시,중구,10.2,134,1313
2016,대전광역시,서구,8.8,202,2303
2016,대전광역시,유성구,9,163,1815
2016,대전광역시,대덕구,6.9,71,1025
2016,울산광역시,소계,13.4,603,4496
2016,울산광역시,중구,12.8,124,970
2016,울산광역시,남구,14.3,204,1431
2016,울산광역시,동구,14,66,473
2016,울산광역시,북구,15.6,108,694
2016,울산광역시,울주군,10.9,101,928
2016,세종특별자치시,소계,17.9,93,521
2016,경기도,소계,9.7,4961,51013
2016,경기도,수원시,9.8,503,5121
2016,경기도,성남시,8.2,305,3740
2016,경기도,의정부시,7.7,119,1544
2016,경기도,안양시,10.4,192,1838
2016,경기도,부천시,7.5,230,3080
2016,경기도,광명시,8.7,90,1038
2016,경기도,평택시,9.4,275,2923
2016,경기도,동두천시,7.1,28,392
2016,경기도,안산시,10.5,395,3747
2016,경기도,고양시,9.7,354,3642
2016,경기도,과천시,7,16,227
2016,경기도,구리시,9.3,54,581
2016,경기도,남양주시,9.5,226,2386
2016,경기도,오산시,11.4,92,808
2016,경기도,시흥시,11.2,239,2142
2016,경기도,군포시,7.7,55,712
2016,경기도,의왕시,9.1,48,527
2016,경기도,하남시,7.6,62,812
2016,경기도,용인시,11.2,341,3051
2016,경기도,파주시,9.3,149,1596
2016,경기도,이천시,13,134,1029
2016,경기도,안성시,11.8,119,1008
2016,경기도,김포시,9.3,149,1604
2016,경기도,화성시,12.1,304,2511
2016,경기도,광주시,12.8,178,1388
2016,경기도,양주시,6.3,63,1004
2016,경기도,포천시,8.7,74,853
2016,경기도,여주시,11.5,66,576
2016,경기도,연천군,4.8,10,207
2016,경기도,가평군,8.5,36,424
2016,경기도,양평군,11,55,502
2016,강원도,소계,8,708,8841
2016,강원도,춘천시,6.2,105,1703
2016,강원도,원주시,8.5,205,2425
2016,강원도,강릉시,10.6,109,1027
2016,강원도,동해시,6.1,30,490
2016,강원도,태백시,5.7,13,227
2016,강원도,속초시,9,45,499
2016,강원도,삼척시,6,27,447
2016,강원도,홍천군,7.7,28,366
2016,강원도,횡성군,7.8,20,257
2016,강원도,영월군,8.7,16,183
2016,강원도,평창군,7.5,19,253
2016,강원도,정선군,9.6,16,167
2016,강원도,철원군,11.7,21,179
2016,강원도,화천군,13.8,12,87
2016,강원도,양구군,7,5,71
2016,강원도,인제군,7.1,13,182
2016,강원도,고성군,8.4,11,131
2016,강원도,양양군,8.8,13,147
2016,충청북도,소계,9.1,851,9392
2016,충청북도,충주시,8.2,113,1383
2016,충청북도,제천시,7.8,72,925
2016,충청북도,청주시,9,446,4976
2016,충청북도,충북 청원군,-,-,-
2016,충청북도,보은군,6.3,8,126
2016,충청북도,옥천군,9.5,22,231
2016,충청북도,영동군,6.8,12,176
2016,충청북도,진천군,12.2,53,433
2016,충청북도,괴산군,7.8,15,192
2016,충청북도,음성군,12.6,74,588
2016,충청북도,단양군,6.2,8,130
2016,충청북도,증평군,12.1,28,232
2016,충청남도,소계,13.4,1203,8962
2016,충청남도,천안시,14.1,344,2444
2016,충청남도,공주시,9.8,55,561
2016,충청남도,보령시,14.8,75,508
2016,충청남도,아산시,15.9,200,1260
2016,충청남도,서산시,15.1,103,680
2016,충청남도,논산시,11.5,66,573
2016,충청남도,계룡시,14.8,12,81
2016,충청남도,당진시,15.1,118,781
2016,충청남도,금산군,11.1,25,226
2016,충청남도,부여군,8.9,19,214
2016,충청남도,서천군,8,31,387
2016,충청남도,청양군,11.1,21,190
2016,충청남도,홍성군,10.7,44,410
2016,충청남도,예산군,17.6,55,312
2016,충청남도,태안군,10.4,35,335
2016,전라북도,소계,9.6,753,7850
2016,전라북도,전주시,13.6,314,2303
2016,전라북도,군산시,7.8,102,1315
2016,전라북도,익산시,5.9,81,1379
2016,전라북도,정읍시,9.1,55,604
2016,전라북도,남원시,6.6,22,333
2016,전라북도,김제시,6.9,36,520
2016,전라북도,완주군,11.1,42,377
2016,전라북도,진안군,12,12,100
2016,전라북도,무주군,9.3,9,97
2016,전라북도,장수군,8.3,5,60
2016,전라북도,임실군,3.5,4,114
2016,전라북도,순창군,5.5,7,128
2016,전라북도,고창군,13.3,24,180
2016,전라북도,부안군,11.8,40,340
2016,전라남도,소계,9.5,904,9504
2016,전라남도,목포시,9.6,127,1325
2016,전라남도,여수시,10.3,131,1271
2016,전라남도,순천시,8,109,1358
2016,전라남도,나주시,9.9,64,645
2016,전라남도,광양시,13.9,106,762
2016,전라남도,담양군,7.8,21,269
2016,전라남도,곡성군,4.5,6,132
2016,전라남도,구례군,8.3,12,144
2016,전라남도,고흥군,6.1,17,277
2016,전라남도,보성군,6.6,15,229
2016,전라남도,화순군,12.2,34,278
2016,전라남도,장흥군,7.5,18,241
2016,전라남도,강진군,6.1,17,278
2016,전라남도,해남군,9.3,37,400
2016,전라남도,영암군,13,60,461
2016,전라남도,무안군,9.5,38,399
2016,전라남도,함평군,5.4,9,167
2016,전라남도,영광군,8.2,21,257
2016,전라남도,장성군,6.6,15,226
2016,전라남도,완도군,8.1,14,173
2016,전라남도,진도군,15.8,16,101
2016,전라남도,신안군,15.3,17,111
2016,경상북도,소계,8.7,1268,14629
2016,경상북도,포항시,7.1,201,2812
2016,경상북도,경주시,8.7,149,1715
2016,경상북도,김천시,10.3,58,565
2016,경상북도,안동시,6.6,70,1060
2016,경상북도,구미시,11.9,237,1992
2016,경상북도,영주시,5.9,36,614
2016,경상북도,영천시,8.5,57,671
2016,경상북도,상주시,6,35,585
2016,경상북도,문경시,6.3,29,460
2016,경상북도,경산시,9.3,131,1411
2016,경상북도,군위군,9.4,11,117
2016,경상북도,의성군,6.2,15,241
2016,경상북도,청송군,8.5,9,106
2016,경상북도,영양군,8.6,7,81
2016,경상북도,영덕군,5.9,15,255
2016,경상북도,청도군,12.6,23,183
2016,경상북도,고령군,9.3,20,214
2016,경상북도,성주군,10.4,26,249
2016,경상북도,칠곡군,11.8,88,748
2016,경상북도,예천군,5.7,10,174
2016,경상북도,봉화군,5.3,8,152
2016,경상북도,울진군,14.1,29,206
2016,경상북도,울릉군,22.2,4,18
2016,경상남도,소계,7.8,981,12522
2016,경상남도,진주시,8.1,75,928
2016,경상남도,통영시,7.1,52,736
2016,경상남도,사천시,5,29,579
2016,경상남도,김해시,6.8,148,2161
2016,경상남도,밀양시,7.8,38,488
2016,경상남도,거제시,10.5,117,1115
2016,경상남도,양산시,7.9,99,1250
2016,경상남도,창원시,8.2,255,3123
2016,경상남도,의령군,6.6,8,122
2016,경상남도,함안군,6.2,16,259
2016,경상남도,창녕군,10.5,38,363
2016,경상남도,고성군,6.7,16,239
2016,경상남도,남해군,6.5,13,200
2016,경상남도,하동군,6.7,11,164
2016,경상남도,산청군,6.9,11,159
2016,경상남도,함양군,10.4,20,192
2016,경상남도,거창군,8.7,23,264
2016,경상남도,합천군,6.7,12,180
2016,제주특별자치도,소계,8.2,365,4434
2016,제주특별자치도,제주시,7.2,227,3171
2016,제주특별자치도,서귀포시,10.9,138,1263
2017,전국,소계,9,19517,216335
2017,서울특별시,소계,7.4,2864,38625
2017,서울특별시,종로구,5.9,70,1190
2017,서울특별시,중구,3.1,39,1252
2017,서울특별시,용산구,7.9,106,1337
2017,서울특별시,성동구,7.3,79,1076
2017,서울특별시,광진구,7.2,77,1064
2017,서울특별시,동대문구,5.5,94,1718
2017,서울특별시,중랑구,4.9,80,1639
2017,서울특별시,성북구,5.3,82,1557
2017,서울특별시,강북구,7.1,85,1202
2017,서울특별시,도봉구,7.5,71,944
2017,서울특별시,노원구,7.6,114,1499
2017,서울특별시,은평구,6.5,69,1067
2017,서울특별시,서대문구,5,52,1032
2017,서울특별시,마포구,9.9,184,1859
2017,서울특별시,양천구,7.1,96,1343
2017,서울특별시,강서구,7.7,122,1584
2017,서울특별시,구로구,8.3,119,1433
2017,서울특별시,금천구,8.3,68,824
2017,서울특별시,영등포구,7.5,179,2386
2017,서울특별시,동작구,7.2,101,1409
2017,서울특별시,관악구,7.1,89,1251
2017,서울특별시,서초구,7.7,182,2361
2017,서울특별시,강남구,11.6,403,3469
2017,서울특별시,송파구,7.5,207,2758
2017,서울특별시,강동구,7,96,1371
2017,부산광역시,소계,6,709,11753
2017,부산광역시,중구,4.5,16,354
2017,부산광역시,서구,4.5,20,441
2017,부산광역시,동구,4.1,22,537
2017,부산광역시,영도구,5.3,19,356
2017,부산광역시,부산진구,5.6,83,1482
2017,부산광역시,동래구,7.7,73,943
2017,부산광역시,남구,6.8,56,825
2017,부산광역시,북구,6.6,49,742
2017,부산광역시,해운대구,7.2,76,1057
2017,부산광역시,사하구,6.4,68,1056
2017,부산광역시,금정구,5.7,43,758
2017,부산광역시,강서구,6.2,35,564
2017,부산광역시,연제구,6.3,39,620
2017,부산광역시,수영구,5.5,37,668
2017,부산광역시,사상구,5.1,47,919
2017,부산광역시,기장군,6,26,431
2017,대구광역시,소계,6.9,890,12970
2017,대구광역시,중구,7.2,73,1007
2017,대구광역시,동구,6.7,108,1623
2017,대구광역시,서구,6.1,80,1302
2017,대구광역시,남구,6.3,53,840
2017,대구광역시,북구,6,134,2215
2017,대구광역시,수성구,7.4,147,1987
2017,대구광역시,달서구,7.1,222,3123
2017,대구광역시,달성군,8.4,73,873
2017,인천광역시,소계,13,1000,7719
2017,인천광역시,중구,6.9,29,422
2017,인천광역시,동구,15.8,21,133
2017,인천광역시,남구,13.3,145,1094
2017,인천광역시,연수구,13.9,82,592
2017,인천광역시,남동구,14.4,236,1641
2017,인천광역시,부평구,13.2,168,1276
2017,인천광역시,계양구,13.1,106,807
2017,인천광역시,서구,12,180,1506
2017,인천광역시,강화군,11.9,25,210
2017,인천광역시,옹진군,21.1,8,38
2017,광주광역시,소계,9.2,688,7499
2017,광주광역시,동구,6.6,38,573
2017,광주광역시,서구,10.7,205,1912
2017,광주광역시,남구,6.9,56,808
2017,광주광역시,북구,9.4,211,2249
2017,광주광역시,광산구,9.1,178,1957
2017,대전광역시,소계,7.2,556,7767
2017,대전광역시,동구,5.3,58,1094
2017,대전광역시,중구,7.2,87,1205
2017,대전광역시,서구,9.1,221,2440
2017,대전광역시,유성구,7.3,137,1883
2017,대전광역시,대덕구,4.6,53,1145
2017,울산광역시,소계,12.3,523,4265
2017,울산광역시,중구,13.3,120,901
2017,울산광역시,남구,12.6,171,1353
2017,울산광역시,동구,10.6,50,470
2017,울산광역시,북구,14.7,93,632
2017,울산광역시,울주군,9.8,89,909
2017,세종특별자치시,소계,11.9,89,746
2017,경기도,소계,9.9,5020,50627
2017,경기도,수원시,9.5,461,4842
2017,경기도,성남시,9.7,362,3742
2017,경기도,의정부시,8.9,132,1477
2017,경기도,안양시,11.6,196,1693
2017,경기도,부천시,6.4,194,3037
2017,경기도,광명시,8.3,79,955
2017,경기도,평택시,9.7,290,3001
2017,경기도,동두천시,7.9,30,382
2017,경기도,안산시,8.7,326,3733
2017,경기도,고양시,10.2,366,3593
2017,경기도,과천시,5.7,13,227
2017,경기도,구리시,9.4,55,585
2017,경기도,남양주시,8.9,206,2303
2017,경기도,오산시,12.4,107,866
2017,경기도,시흥시,11.2,247,2205
2017,경기도,군포시,9,63,698
2017,경기도,의왕시,10.9,51,470
2017,경기도,하남시,8.1,62,766
2017,경기도,용인시,11,335,3032
2017,경기도,파주시,11.1,187,1690
2017,경기도,이천시,12.1,124,1028
2017,경기도,안성시,9.2,92,997
2017,경기도,김포시,11.7,177,1515
2017,경기도,화성시,12.6,343,2732
2017,경기도,광주시,11.5,160,1394
2017,경기도,양주시,8.6,89,1038
2017,경기도,포천시,11.9,106,893
2017,경기도,여주시,10.1,55,544
2017,경기도,연천군,9.2,20,218
2017,경기도,가평군,7.9,34,432
2017,경기도,양평군,10.8,58,539
2017,강원도,소계,9.3,777,8316
2017,강원도,춘천시,7.9,133,1686
2017,강원도,원주시,10.7,236,2205
2017,강원도,강릉시,10.6,109,1028
2017,강원도,동해시,5.1,23,451
2017,강원도,태백시,4.5,7,156
2017,강원도,속초시,10,46,460
2017,강원도,삼척시,6.1,22,363
2017,강원도,홍천군,9.3,33,356
2017,강원도,횡성군,6,11,182
2017,강원도,영월군,4.9,9,183
2017,강원도,평창군,10,29,289
2017,강원도,정선군,15.9,30,189
2017,강원도,철원군,12,21,175
2017,강원도,화천군,9.4,8,85
2017,강원도,양구군,17.6,16,91
2017,강원도,인제군,9.5,14,147
2017,강원도,고성군,10.3,11,107
2017,강원도,양양군,11.7,19,163
2017,충청북도,소계,9.7,903,9273
2017,충청북도,충주시,8.9,112,1265
2017,충청북도,제천시,9.6,91,949
2017,충청북도,청주시,9.4,453,4832
2017,충청북도,충북 청원군,-,-,-
2017,충청북도,보은군,9,13,145
2017,충청북도,옥천군,8.6,19,222
2017,충청북도,영동군,9.9,19,191
2017,충청북도,진천군,12.2,63,516
2017,충청북도,괴산군,10.8,21,195
2017,충청북도,음성군,13.3,83,624
2017,충청북도,단양군,9.1,13,143
2017,충청북도,증평군,8.4,16,191
2017,충청남도,소계,14.8,1369,9241
2017,충청남도,천안시,16.2,451,2776
2017,충청남도,공주시,12,72,598
2017,충청남도,보령시,15.5,69,446
2017,충청남도,아산시,17.6,183,1038
2017,충청남도,서산시,13.6,105,774
2017,충청남도,논산시,12.7,74,581
2017,충청남도,계룡시,6.9,5,72
2017,충청남도,당진시,17.7,145,817
2017,충청남도,금산군,11.2,26,232
2017,충청남도,부여군,9.6,22,228
2017,충청남도,서천군,10.2,37,361
2017,충청남도,청양군,11.2,23,206
2017,충청남도,홍성군,16.2,60,370
2017,충청남도,예산군,11.8,44,372
2017,충청남도,태안군,14.3,53,370
2017,전라북도,소계,10,772,7748
2017,전라북도,전주시,13.6,331,2431
2017,전라북도,군산시,8,101,1266
2017,전라북도,익산시,9.3,117,1255
2017,전라북도,정읍시,5.4,40,734
2017,전라북도,남원시,6.2,18,292
2017,전라북도,김제시,8.3,44,530
2017,전라북도,완주군,13.2,31,235
2017,전라북도,진안군,11.7,7,60
2017,전라북도,무주군,4.6,6,131
2017,전라북도,장수군,3.4,2,59
2017,전라북도,임실군,5.1,5,99
2017,전라북도,순창군,6.5,10,154
2017,전라북도,고창군,12.6,22,175
2017,전라북도,부안군,11.6,38,327
2017,전라남도,소계,9.3,905,9770
2017,전라남도,목포시,8.6,126,1458
2017,전라남도,여수시,10.5,145,1385
2017,전라남도,순천시,8.3,112,1349
2017,전라남도,나주시,11.4,74,651
2017,전라남도,광양시,11.9,81,683
2017,전라남도,담양군,9.3,28,300
2017,전라남도,곡성군,6,9,150
2017,전라남도,구례군,6.8,9,133
2017,전라남도,고흥군,10.1,34,335
2017,전라남도,보성군,5,12,240
2017,전라남도,화순군,7,20,284
2017,전라남도,장흥군,6.1,16,263
2017,전라남도,강진군,8.9,25,281
2017,전라남도,해남군,9.5,37,389
2017,전라남도,영암군,8.2,32,389
2017,전라남도,무안군,8.5,35,412
2017,전라남도,함평군,3.9,7,179
2017,전라남도,영광군,10.2,26,256
2017,전라남도,장성군,6.5,16,247
2017,전라남도,완도군,14.7,26,177
2017,전라남도,진도군,14.3,18,126
2017,전라남도,신안군,20.5,17,83
2017,경상북도,소계,8.7,1207,13896
2017,경상북도,포항시,6.4,166,2589
2017,경상북도,경주시,6.9,116,1675
2017,경상북도,김천시,8.8,55,622
2017,경상북도,안동시,8.5,82,967
2017,경상북도,구미시,12.8,267,2081
2017,경상북도,영주시,4.1,24,583
2017,경상북도,영천시,6.5,41,628
2017,경상북도,상주시,4.5,25,554
2017,경상북도,문경시,5.1,21,410
2017,경상북도,경산시,12.4,135,1087
2017,경상북도,군위군,10.7,11,103
2017,경상북도,의성군,4.9,12,246
2017,경상북도,청송군,8,7,87
2017,경상북도,영양군,6.3,5,79
2017,경상북도,영덕군,7.7,22,287
2017,경상북도,청도군,11.4,27,237
2017,경상북도,고령군,9.7,18,185
2017,경상북도,성주군,10.8,28,259
2017,경상북도,칠곡군,12.6,93,736
2017,경상북도,예천군,10.6,18,170
2017,경상북도,봉화군,4.9,6,122
2017,경상북도,울진군,15.7,27,172
2017,경상북도,울릉군,5.9,1,17
2017,경상남도,소계,7.9,926,11742
2017,경상남도,진주시,7.9,60,755
2017,경상남도,통영시,7.5,52,692
2017,경상남도,사천시,5.6,37,663
2017,경상남도,김해시,6.8,149,2190
2017,경상남도,밀양시,7,28,401
2017,경상남도,거제시,9.6,97,1010
2017,경상남도,양산시,8.7,91,1042
2017,경상남도,창원시,8.2,231,2815
2017,경상남도,의령군,6.1,8,132
2017,경상남도,함안군,9.7,27,278
2017,경상남도,창녕군,10.3,39,377
2017,경상남도,고성군,7.4,18,242
2017,경상남도,남해군,6.9,13,188
2017,경상남도,하동군,7.8,13,166
2017,경상남도,산청군,7.3,12,164
2017,경상남도,함양군,11.1,20,180
2017,경상남도,거창군,8.6,22,256
2017,경상남도,합천군,4.7,9,191
2017,제주특별자치도,소계,7.3,319,4378
2017,제주특별자치도,제주시,7.1,215,3031
2017,제주특별자치도,서귀포시,7.7,104,1347
2018,전국,소계,8.9,19381,217148
2018,서울특별시,소계,7.4,2856,38795
2018,서울특별시,종로구,5.6,63,1134
2018,서울특별시,중구,6.2,70,1128
2018,서울특별시,용산구,7.5,100,1330
2018,서울특별시,성동구,7.4,85,1143
2018,서울특별시,광진구,9.7,107,1108
2018,서울특별시,동대문구,5.7,97,1699
2018,서울특별시,중랑구,5.2,82,1565
2018,서울특별시,성북구,6,86,1427
2018,서울특별시,강북구,6.3,77,1216
2018,서울특별시,도봉구,5.3,44,824
2018,서울특별시,노원구,7,110,1569
2018,서울특별시,은평구,7,79,1134
2018,서울특별시,서대문구,5.6,58,1033
2018,서울특별시,마포구,9.5,159,1671
2018,서울특별시,양천구,6.4,91,1428
2018,서울특별시,강서구,9.1,137,1502
2018,서울특별시,구로구,7.8,119,1532
2018,서울특별시,금천구,10,93,932
2018,서울특별시,영등포구,6.9,172,2493
2018,서울특별시,동작구,5.6,79,1412
2018,서울특별시,관악구,8,104,1300
2018,서울특별시,서초구,7,173,2478
2018,서울특별시,강남구,10.8,373,3459
2018,서울특별시,송파구,7,199,2860
2018,서울특별시,강동구,7,99,1418
2018,부산광역시,소계,6.2,743,11937
2018,부산광역시,중구,5.3,21,393
2018,부산광역시,서구,3.5,16,452
2018,부산광역시,동구,3.6,21,587
2018,부산광역시,영도구,5.7,19,332
2018,부산광역시,부산진구,7.2,117,1625
2018,부산광역시,동래구,5,48,952
2018,부산광역시,남구,5.6,45,797
2018,부산광역시,북구,6.3,43,688
2018,부산광역시,해운대구,9.1,93,1018
2018,부산광역시,사하구,6.3,63,1003
2018,부산광역시,금정구,4.7,37,792
2018,부산광역시,강서구,7.5,44,584
2018,부산광역시,연제구,5,33,657
2018,부산광역시,수영구,7.5,53,710
2018,부산광역시,사상구,5.7,52,914
2018,부산광역시,기장군,8.8,38,433
2018,대구광역시,소계,6.7,890,13199
2018,대구광역시,중구,6.5,66,1020
2018,대구광역시,동구,7.4,127,1718
2018,대구광역시,서구,6.6,82,1250
2018,대구광역시,남구,6.4,55,859
2018,대구광역시,북구,6.5,153,2358
2018,대구광역시,수성구,6.8,137,2016
2018,대구광역시,달서구,6.5,202,3110
2018,대구광역시,달성군,7.8,68,868
2018,인천광역시,소계,12.3,938,7632
2018,인천광역시,중구,12.2,60,493
2018,인천광역시,동구,9,14,156
2018,인천광역시,연수구,15.6,107,687
2018,인천광역시,남동구,11.7,199,1707
2018,인천광역시,부평구,14.5,161,1109
2018,인천광역시,계양구,10.8,87,802
2018,인천광역시,서구,11.3,149,1314
2018,인천광역시,미추홀구,12.1,136,1127
2018,인천광역시,강화군,6.4,13,202
2018,인천광역시,옹진군,34.3,12,35
2018,광주광역시,소계,9,675,7459
2018,광주광역시,동구,7.7,39,509
2018,광주광역시,서구,9,175,1952
2018,광주광역시,남구,7.9,61,769
2018,광주광역시,북구,9,205,2269
2018,광주광역시,광산구,9.9,195,1960
2018,대전광역시,소계,7.9,594,7554
2018,대전광역시,동구,5.3,67,1258
2018,대전광역시,중구,8.6,97,1128
2018,대전광역시,서구,9.5,220,2310
2018,대전광역시,유성구,8.1,159,1961
2018,대전광역시,대덕구,5.7,51,897
2018,울산광역시,소계,14.2,567,3992
2018,울산광역시,중구,12.4,95,769
2018,울산광역시,남구,14.2,178,1254
2018,울산광역시,동구,12.6,64,507
2018,울산광역시,북구,20.1,127,632
2018,울산광역시,울주군,12.4,103,830
2018,세종특별자치시,소계,12.3,98,795
2018,경기도,소계,9.5,5090,53448
2018,경기도,수원시,10.9,543,4997
2018,경기도,성남시,8.6,330,3834
2018,경기도,의정부시,9.2,155,1682
2018,경기도,안양시,10.8,175,1618
2018,경기도,부천시,6.7,217,3236
2018,경기도,광명시,6.5,70,1076
2018,경기도,평택시,10.3,348,3388
2018,경기도,동두천시,7.9,32,406
2018,경기도,안산시,9,350,3878
2018,경기도,고양시,9.5,375,3950
2018,경기도,과천시,5.9,14,239
2018,경기도,구리시,8.1,54,668
2018,경기도,남양주시,8.7,212,2431
2018,경기도,오산시,13.8,133,962
2018,경기도,시흥시,9.6,234,2434
2018,경기도,군포시,9,59,659
2018,경기도,의왕시,13.5,60,444
2018,경기도,하남시,6.1,60,977
2018,경기도,용인시,10.2,327,3205
2018,경기도,파주시,10,170,1693
2018,경기도,이천시,10.6,108,1016
2018,경기도,안성시,9.5,97,1026
2018,경기도,김포시,8.1,136,1682
2018,경기도,화성시,12,327,2716
2018,경기도,광주시,11.1,187,1691
2018,경기도,양주시,6.5,71,1094
2018,경기도,포천시,8.8,73,832
2018,경기도,여주시,13.1,67,513
2018,경기도,연천군,9,17,189
2018,경기도,가평군,10,38,380
2018,경기도,양평군,9.6,51,532
2018,강원도,소계,9.1,679,7498
2018,강원도,춘천시,7.9,123,1558
2018,강원도,원주시,10.5,200,1905
2018,강원도,강릉시,8.4,77,918
2018,강원도,동해시,6.2,22,356
2018,강원도,태백시,6.8,14,206
2018,강원도,속초시,9.7,42,433
2018,강원도,삼척시,8.2,30,365
2018,강원도,홍천군,10.3,34,331
2018,강원도,횡성군,5.9,11,187
2018,강원도,영월군,3.7,7,187
2018,강원도,평창군,12.8,28,218
2018,강원도,정선군,8.8,11,125
2018,강원도,철원군,13.1,19,145
2018,강원도,화천군,10.2,9,88
2018,강원도,양구군,12.9,11,85
2018,강원도,인제군,7.9,8,101
2018,강원도,고성군,6.7,9,135
2018,강원도,양양군,15.5,24,155
2018,충청북도,소계,9.2,882,9618
2018,충청북도,충주시,9.4,127,1349
2018,충청북도,제천시,9.4,86,912
2018,충청북도,청주시,8.5,433,5076
2018,충청북도,충북 청원군,-,-,-
2018,충청북도,보은군,7.4,11,149
2018,충청북도,옥천군,7.9,18,228
2018,충청북도,영동군,10.9,18,165
2018,충청북도,진천군,12.3,68,551
2018,충청북도,괴산군,7.1,17,239
2018,충청북도,음성군,11.5,75,652
2018,충청북도,단양군,8.9,12,135
2018,충청북도,증평군,10.5,17,162
2018,충청남도,소계,14.9,1308,8807
2018,충청남도,천안시,15.7,458,2914
2018,충청남도,공주시,10.5,66,630
2018,충청남도,보령시,17.9,62,347
2018,충청남도,아산시,18.4,140,762
2018,충청남도,서산시,17.2,137,797
2018,충청남도,논산시,15.6,72,463
2018,충청남도,계룡시,12.7,9,71
2018,충청남도,당진시,14.3,122,853
2018,충청남도,금산군,17.1,28,164
2018,충청남도,부여군,8.6,19,222
2018,충청남도,서천군,10.7,35,326
2018,충청남도,청양군,10.3,18,175
2018,충청남도,홍성군,15.8,51,322
2018,충청남도,예산군,11.8,52,439
2018,충청남도,태안군,12.1,39,322
2018,전라북도,소계,9.9,683,6929
2018,전라북도,전주시,11.8,266,2259
2018,전라북도,군산시,7.6,81,1066
2018,전라북도,익산시,9.2,97,1049
2018,전라북도,정읍시,7.7,52,671
2018,전라북도,남원시,8.6,27,313
2018,전라북도,김제시,8,36,448
2018,전라북도,완주군,16.4,44,268
2018,전라북도,진안군,12,6,50
2018,전라북도,무주군,7,9,128
2018,전라북도,장수군,7.1,4,56
2018,전라북도,임실군,3.2,3,93
2018,전라북도,순창군,7.5,9,120
2018,전라북도,고창군,10.2,13,127
2018,전라북도,부안군,12.8,36,281
2018,전라남도,소계,9.3,908,9787
2018,전라남도,목포시,7.7,112,1457
2018,전라남도,여수시,10.3,150,1463
2018,전라남도,순천시,10.6,140,1325
2018,전라남도,나주시,11.4,73,643
2018,전라남도,광양시,14.3,95,666
2018,전라남도,담양군,6.9,21,305
2018,전라남도,곡성군,5.7,7,122
2018,전라남도,구례군,6.3,7,111
2018,전라남도,고흥군,10.8,31,287
2018,전라남도,보성군,8.4,23,273
2018,전라남도,화순군,8,24,299
2018,전라남도,장흥군,7.7,21,273
2018,전라남도,강진군,10.3,31,302
2018,전라남도,해남군,7.1,26,366
2018,전라남도,영암군,7,34,488
2018,전라남도,무안군,6.9,24,350
2018,전라남도,함평군,8.6,18,209
2018,전라남도,영광군,8.2,20,245
2018,전라남도,장성군,5.3,12,225
2018,전라남도,완도군,9,15,167
2018,전라남도,진도군,11.4,14,123
2018,전라남도,신안군,11.4,10,88
2018,경상북도,소계,8.5,1190,13966
2018,경상북도,포항시,7.2,198,2762
2018,경상북도,경주시,8.1,132,1626
2018,경상북도,김천시,7.5,46,615
2018,경상북도,안동시,8.2,78,948
2018,경상북도,구미시,11.9,229,1919
2018,경상북도,영주시,5,27,537
2018,경상북도,영천시,6.8,49,721
2018,경상북도,상주시,6.6,40,604
2018,경상북도,문경시,4.6,20,439
2018,경상북도,경산시,10.5,117,1113
2018,경상북도,군위군,14,12,86
2018,경상북도,의성군,8.3,21,253
2018,경상북도,청송군,4.2,4,95
2018,경상북도,영양군,7,6,86
2018,경상북도,영덕군,10.6,28,264
2018,경상북도,청도군,6.3,14,221
2018,경상북도,고령군,8.5,16,189
2018,경상북도,성주군,9,25,277
2018,경상북도,칠곡군,12.4,87,703
2018,경상북도,예천군,8,15,188
2018,경상북도,봉화군,6.7,10,149
2018,경상북도,울진군,10.7,16,149
2018,경상북도,울릉군,-,-,22
2018,경상남도,소계,8.3,958,11493
2018,경상남도,진주시,8.4,69,825
2018,경상남도,통영시,7.2,49,684
2018,경상남도,사천시,8.9,54,607
2018,경상남도,김해시,7.5,154,2052
2018,경상남도,밀양시,7.5,28,371
2018,경상남도,거제시,8.2,70,856
2018,경상남도,양산시,10.2,113,1106
2018,경상남도,창원시,8.4,245,2916
2018,경상남도,의령군,6.2,8,130
2018,경상남도,함안군,8.1,22,273
2018,경상남도,창녕군,11,37,336
2018,경상남도,고성군,7.8,19,243
2018,경상남도,남해군,4.3,8,187
2018,경상남도,하동군,10.1,15,149
2018,경상남도,산청군,3.8,7,183
2018,경상남도,함양군,10.3,17,165
2018,경상남도,거창군,10.3,25,242
2018,경상남도,합천군,10.7,18,168
2018,제주특별자치도,소계,7.6,322,4239
2018,제주특별자치도,제주시,7.2,216,3003
2018,제주특별자치도,서귀포시,8.6,106,1236
2019,전국,소계,6.8,15708,229600
2019,서울특별시,소계,5.6,2190,39258
2019,서울특별시,종로구,4.2,48,1133
2019,서울특별시,중구,2.5,30,1184
2019,서울특별시,용산구,6.1,73,1187
2019,서울특별시,성동구,5.6,61,1091
2019,서울특별시,광진구,6.4,62,973
2019,서울특별시,동대문구,4,63,1565
2019,서울특별시,중랑구,4.6,74,1620
2019,서울특별시,성북구,4.1,62,1509
2019,서울특별시,강북구,4.7,60,1277
2019,서울특별시,도봉구,4.1,35,852
2019,서울특별시,노원구,5.5,93,1703
2019,서울특별시,은평구,6.9,77,1119
2019,서울특별시,서대문구,3.1,35,1113
2019,서울특별시,마포구,7.9,118,1494
2019,서울특별시,양천구,4.2,64,1506
2019,서울특별시,강서구,6,110,1829
2019,서울특별시,구로구,6.7,103,1529
2019,서울특별시,금천구,8.3,76,920
2019,서울특별시,영등포구,4.7,114,2439
2019,서울특별시,동작구,4.8,67,1406
2019,서울특별시,관악구,7,95,1363
2019,서울특별시,서초구,6.3,152,2418
2019,서울특별시,강남구,7.9,293,3722
2019,서울특별시,송파구,5.6,161,2892
2019,서울특별시,강동구,4.5,64,1414
2019,부산광역시,소계,4.9,636,12992
2019,부산광역시,중구,3.4,10,295
2019,부산광역시,서구,5.9,28,474
2019,부산광역시,동구,3.7,21,574
2019,부산광역시,영도구,4.6,16,348
2019,부산광역시,부산진구,4.9,82,1688
2019,부산광역시,동래구,4.8,53,1103
2019,부산광역시,남구,3.6,32,901
2019,부산광역시,북구,6.3,44,701
2019,부산광역시,해운대구,6.7,71,1064
2019,부산광역시,사하구,4.9,54,1110
2019,부산광역시,금정구,4.4,35,801
2019,부산광역시,강서구,6.4,43,669
2019,부산광역시,연제구,4.6,40,868
2019,부산광역시,수영구,3.8,30,791
2019,부산광역시,사상구,4.7,52,1100
2019,부산광역시,기장군,5,25,505
2019,대구광역시,소계,4.8,702,14536
2019,대구광역시,중구,4.7,41,869
2019,대구광역시,동구,5.1,100,1954
2019,대구광역시,서구,5.8,77,1317
2019,대구광역시,남구,4.7,42,902
2019,대구광역시,북구,4.7,113,2413
2019,대구광역시,수성구,3.7,91,2436
2019,대구광역시,달서구,4.6,170,3679
2019,대구광역시,달성군,7,68,966
2019,인천광역시,소계,8.9,770,8698
2019,인천광역시,중구,10.1,64,631
2019,인천광역시,동구,6.5,10,154
2019,인천광역시,연수구,12.4,83,670
2019,인천광역시,남동구,8.2,158,1937
2019,인천광역시,부평구,9.4,120,1278
2019,인천광역시,계양구,7.2,63,879
2019,인천광역시,서구,9,152,1688
2019,인천광역시,미추홀구,8.2,101,1229
2019,인천광역시,강화군,6,12,200
2019,인천광역시,옹진군,21.9,7,32
2019,광주광역시,소계,6.7,549,8169
2019,광주광역시,동구,5.6,34,604
2019,광주광역시,서구,7,148,2106
2019,광주광역시,남구,6.3,57,900
2019,광주광역시,북구,6.2,151,2430
2019,광주광역시,광산구,7.5,159,2129
2019,대전광역시,소계,5.7,472,8337
2019,대전광역시,동구,3.4,48,1430
2019,대전광역시,중구,5.3,72,1348
2019,대전광역시,서구,6.9,184,2677
2019,대전광역시,유성구,5.8,117,2027
2019,대전광역시,대덕구,6,51,855
2019,울산광역시,소계,8.6,373,4347
2019,울산광역시,중구,8.7,64,737
2019,울산광역시,남구,7.7,107,1383
2019,울산광역시,동구,7.5,47,628
2019,울산광역시,북구,10.2,71,693
2019,울산광역시,울주군,9.3,84,906
2019,세종특별자치시,소계,9.7,89,922
2019,경기도,소계,7.5,4140,55463
2019,경기도,수원시,7.6,376,4920
2019,경기도,성남시,6.6,252,3801
2019,경기도,의정부시,6.6,112,1704
2019,경기도,안양시,6.6,106,1616
2019,경기도,부천시,5.7,209,3667
2019,경기도,광명시,5.3,57,1068
2019,경기도,평택시,9.5,335,3527
2019,경기도,동두천시,5,21,417
2019,경기도,안산시,7.8,308,3965
2019,경기도,고양시,6.8,268,3916
2019,경기도,과천시,6.3,15,237
2019,경기도,구리시,8.4,63,751
2019,경기도,남양주시,6.8,164,2411
2019,경기도,오산시,8.4,89,1057
2019,경기도,시흥시,8.3,205,2480
2019,경기도,군포시,4.6,30,650
2019,경기도,의왕시,8.2,40,488
2019,경기도,하남시,6.2,67,1082
2019,경기도,용인시,7.6,264,3485
2019,경기도,파주시,7.7,127,1658
2019,경기도,이천시,8.6,95,1102
2019,경기도,안성시,8.6,87,1014
2019,경기도,김포시,8,144,1792
2019,경기도,화성시,9,272,3008
2019,경기도,광주시,7.6,142,1867
2019,경기도,양주시,6.7,75,1118
2019,경기도,포천시,8.5,75,887
2019,경기도,여주시,8.4,50,592
2019,경기도,연천군,9.2,18,196
2019,경기도,가평군,8.1,32,396
2019,경기도,양평군,7.1,42,591
2019,강원도,소계,6.5,492,7554
2019,강원도,춘천시,6,96,1590
2019,강원도,원주시,6.6,131,1985
2019,강원도,강릉시,8.8,78,888
2019,강원도,동해시,5.6,20,358
2019,강원도,태백시,6.2,11,177
2019,강원도,속초시,7.2,28,391
2019,강원도,삼척시,4.1,17,414
2019,강원도,홍천군,5.3,19,359
2019,강원도,횡성군,5.9,12,203
2019,강원도,영월군,4.5,7,156
2019,강원도,평창군,7.1,13,183
2019,강원도,정선군,5.6,6,107
2019,강원도,철원군,11.1,16,144
2019,강원도,화천군,3,3,101
2019,강원도,양구군,6.8,6,88
2019,강원도,인제군,9.6,9,94
2019,강원도,고성군,5.8,8,138
2019,강원도,양양군,6.7,12,178
2019,충청북도,소계,7.1,678,9538
2019,충청북도,충주시,6.9,94,1364
2019,충청북도,제천시,6.1,53,870
2019,충청북도,청주시,7.2,356,4949
2019,충청북도,충북 청원군,-,-,-
2019,충청북도,보은군,2.4,4,165
2019,충청북도,옥천군,10.2,24,236
2019,충청북도,영동군,8.3,18,218
2019,충청북도,진천군,7.2,37,516
2019,충청북도,괴산군,7.9,15,190
2019,충청북도,음성군,7.1,47,663
2019,충청북도,단양군,8.9,14,157
2019,충청북도,증평군,7.6,16,210
2019,충청남도,소계,10.8,1019,9404
2019,충청남도,천안시,11.2,350,3137
2019,충청남도,공주시,9.5,58,608
2019,충청남도,보령시,10.6,51,479
2019,충청남도,아산시,11.6,126,1083
2019,충청남도,서산시,15.3,128,839
2019,충청남도,논산시,10.5,50,476
2019,충청남도,계룡시,14.5,8,55
2019,충청남도,당진시,10.5,82,783
2019,충청남도,금산군,10.7,16,150
2019,충청남도,부여군,5.4,12,222
2019,충청남도,서천군,9.3,30,323
2019,충청남도,청양군,7.9,15,191
2019,충청남도,홍성군,9.1,31,341
2019,충청남도,예산군,7.6,30,397
2019,충청남도,태안군,10,32,320
2019,전라북도,소계,7.6,579,7615
2019,전라북도,전주시,10.1,239,2365
2019,전라북도,군산시,5.6,69,1225
2019,전라북도,익산시,5.3,74,1396
2019,전라북도,정읍시,6.4,38,596
2019,전라북도,남원시,5.5,17,311
2019,전라북도,김제시,7.5,36,481
2019,전라북도,완주군,12.6,35,278
2019,전라북도,진안군,9.1,7,77
2019,전라북도,무주군,8,10,125
2019,전라북도,장수군,6.2,4,65
2019,전라북도,임실군,3.5,4,115
2019,전라북도,순창군,7.3,8,110
2019,전라북도,고창군,5.8,10,173
2019,전라북도,부안군,9.4,28,298
2019,전라남도,소계,7.3,793,10877
2019,전라남도,목포시,6.3,115,1818
2019,전라남도,여수시,7,109,1567
2019,전라남도,순천시,6.5,95,1462
2019,전라남도,나주시,8.7,56,646
2019,전라남도,광양시,10.1,75,739
2019,전라남도,담양군,4.4,14,321
2019,전라남도,곡성군,6.5,10,153
2019,전라남도,구례군,5.6,8,142
2019,전라남도,고흥군,8.5,28,329
2019,전라남도,보성군,7.2,20,276
2019,전라남도,화순군,7.1,23,325
2019,전라남도,장흥군,7.3,22,301
2019,전라남도,강진군,5.6,18,321
2019,전라남도,해남군,9.9,43,434
2019,전라남도,영암군,6.3,31,493
2019,전라남도,무안군,7.8,31,395
2019,전라남도,함평군,6.7,13,193
2019,전라남도,영광군,8.4,19,225
2019,전라남도,장성군,6.7,18,270
2019,전라남도,완도군,10.2,19,186
2019,전라남도,진도군,10.7,15,140
2019,전라남도,신안군,7.8,11,141
2019,경상북도,소계,7.2,1060,14648
2019,경상북도,포항시,5.1,142,2777
2019,경상북도,경주시,5.9,103,1741
2019,경상북도,김천시,7.9,54,683
2019,경상북도,안동시,6.5,68,1045
2019,경상북도,구미시,10,202,2027
2019,경상북도,영주시,5,28,555
2019,경상북도,영천시,7.3,58,793
2019,경상북도,상주시,6.2,39,630
2019,경상북도,문경시,7.9,32,406
2019,경상북도,경산시,9.3,115,1239
2019,경상북도,군위군,6.7,9,135
2019,경상북도,의성군,4.6,11,241
2019,경상북도,청송군,9,8,89
2019,경상북도,영양군,7.8,5,64
2019,경상북도,영덕군,10.3,24,234
2019,경상북도,청도군,6.6,14,212
2019,경상북도,고령군,9.2,15,163
2019,경상북도,성주군,8.3,24,289
2019,경상북도,칠곡군,9,70,781
2019,경상북도,예천군,5.3,11,206
2019,경상북도,봉화군,6.7,10,149
2019,경상북도,울진군,8.8,15,171
2019,경상북도,울릉군,16.7,3,18
2019,경상남도,소계,6.8,870,12830
2019,경상남도,진주시,9.6,81,842
2019,경상남도,통영시,5.3,38,716
2019,경상남도,사천시,6.3,42,668
2019,경상남도,김해시,6.3,146,2318
2019,경상남도,밀양시,6.8,36,532
2019,경상남도,거제시,6.6,67,1011
2019,경상남도,양산시,5.4,70,1286
2019,경상남도,창원시,6.5,212,3245
2019,경상남도,의령군,7.7,11,143
2019,경상남도,함안군,8,26,327
2019,경상남도,창녕군,10.8,36,333
2019,경상남도,고성군,6.4,17,266
2019,경상남도,남해군,5.2,10,192
2019,경상남도,하동군,5.6,8,143
2019,경상남도,산청군,5.8,10,173
2019,경상남도,함양군,6.5,13,201
2019,경상남도,거창군,12.4,31,250
2019,경상남도,합천군,8.7,16,184
2019,제주특별자치도,소계,6.7,296,4412
2019,제주특별자치도,제주시,6.4,201,3139
2019,제주특별자치도,서귀포시,7.5,95,1273
2020,전국,소계,8.2,17247,209654
2020,서울특별시,소계,6.6,2327,35227
2020,서울특별시,종로구,5.2,47,903
2020,서울특별시,중구,5.1,49,955
2020,서울특별시,용산구,7.3,65,890
2020,서울특별시,성동구,7.1,80,1119
2020,서울특별시,광진구,9.6,83,869
2020,서울특별시,동대문구,5.2,76,1448
2020,서울특별시,중랑구,4.6,67,1447
2020,서울특별시,성북구,4.2,54,1275
2020,서울특별시,강북구,4,44,1087
2020,서울특별시,도봉구,5.3,39,741
2020,서울특별시,노원구,5.9,86,1462
2020,서울특별시,은평구,7.6,72,953
2020,서울특별시,서대문구,4.7,44,928
2020,서울특별시,마포구,6.9,88,1272
2020,서울특별시,양천구,5.9,79,1344
2020,서울특별시,강서구,7.6,120,1575
2020,서울특별시,구로구,9,119,1325
2020,서울특별시,금천구,11.1,90,810
2020,서울특별시,영등포구,5.8,129,2208
2020,서울특별시,동작구,6.6,86,1307
2020,서울특별시,관악구,6.3,91,1444
2020,서울특별시,서초구,7.3,165,2250
2020,서울특별시,강남구,9.1,343,3752
2020,서울특별시,송파구,5.7,148,2595
2020,서울특별시,강동구,5,63,1268
2020,부산광역시,소계,6.2,742,11913
2020,부산광역시,중구,3.5,10,284
2020,부산광역시,서구,4.3,21,488
2020,부산광역시,동구,5.9,29,495
2020,부산광역시,영도구,5.7,19,332
2020,부산광역시,부산진구,7.3,112,1544
2020,부산광역시,동래구,5.1,51,993
2020,부산광역시,남구,6.8,52,762
2020,부산광역시,북구,7.5,52,694
2020,부산광역시,해운대구,8.9,81,914
2020,부산광역시,사하구,6.2,60,969
2020,부산광역시,금정구,4.5,37,819
2020,부산광역시,강서구,5.8,42,729
2020,부산광역시,연제구,4.6,34,744
2020,부산광역시,수영구,6,40,666
2020,부산광역시,사상구,6,55,921
2020,부산광역시,기장군,8.4,47,559
2020,대구광역시,소계,5.9,765,12940
2020,대구광역시,중구,7.6,54,709
2020,대구광역시,동구,4.7,81,1731
2020,대구광역시,서구,5,59,1170
2020,대구광역시,남구,7.6,68,892
2020,대구광역시,북구,5.2,112,2137
2020,대구광역시,수성구,6.2,133,2135
2020,대구광역시,달서구,5.8,186,3221
2020,대구광역시,달성군,7.6,72,945
2020,인천광역시,소계,10.3,879,8505
2020,인천광역시,중구,10.1,49,486
2020,인천광역시,동구,7.8,12,153
2020,인천광역시,연수구,14.2,93,655
2020,인천광역시,남동구,10.7,197,1834
2020,인천광역시,부평구,10.3,146,1412
2020,인천광역시,계양구,8.6,77,894
2020,인천광역시,서구,8.8,151,1712
2020,인천광역시,미추홀구,10.9,124,1141
2020,인천광역시,강화군,11.5,21,183
2020,인천광역시,옹진군,25.7,9,35
2020,광주광역시,소계,7.9,609,7718
2020,광주광역시,동구,5.9,32,540
2020,광주광역시,서구,7.9,160,2019
2020,광주광역시,남구,6.8,59,863
2020,광주광역시,북구,7.4,164,2208
2020,광주광역시,광산구,9.3,194,2088
2020,대전광역시,소계,7.2,519,7215
2020,대전광역시,동구,6.4,70,1102
2020,대전광역시,중구,7.6,93,1225
2020,대전광역시,서구,8.1,189,2333
2020,대전광역시,유성구,6.5,117,1803
2020,대전광역시,대덕구,6.6,50,752
2020,울산광역시,소계,11.3,433,3834
2020,울산광역시,중구,10.4,63,603
2020,울산광역시,남구,11.4,145,1272
2020,울산광역시,동구,11.6,64,554
2020,울산광역시,북구,13.3,89,667
2020,울산광역시,울주군,9.8,72,738
2020,세종특별자치시,소계,8.9,72,813
2020,경기도,소계,8.6,4495,52391
2020,경기도,수원시,8.1,361,4480
2020,경기도,성남시,8.5,310,3640
2020,경기도,의정부시,8.2,139,1695
2020,경기도,안양시,10.6,142,1337
2020,경기도,부천시,6.9,231,3364
2020,경기도,광명시,6.3,61,964
2020,경기도,평택시,9.9,317,3190
2020,경기도,동두천시,11.6,38,329
2020,경기도,안산시,8.3,325,3931
2020,경기도,고양시,8.9,318,3586
2020,경기도,과천시,6.4,12,187
2020,경기도,구리시,7.1,54,758
2020,경기도,남양주시,9.5,215,2255
2020,경기도,오산시,8.2,89,1090
2020,경기도,시흥시,8.6,197,2293
2020,경기도,군포시,7.6,54,709
2020,경기도,의왕시,11.6,48,414
2020,경기도,하남시,5.8,69,1192
2020,경기도,용인시,8.8,288,3262
2020,경기도,파주시,8.9,131,1475
2020,경기도,이천시,8.2,91,1106
2020,경기도,안성시,8.6,92,1075
2020,경기도,김포시,9.2,156,1687
2020,경기도,화성시,10.3,305,2959
2020,경기도,광주시,8.9,172,1930
2020,경기도,양주시,7.6,78,1027
2020,경기도,포천시,9.2,76,829
2020,경기도,여주시,10.3,52,507
2020,경기도,연천군,4.9,10,203
2020,경기도,가평군,8.2,30,364
2020,경기도,양평군,6.1,34,553
2020,강원도,소계,8.8,619,7039
2020,강원도,춘천시,7.6,105,1380
2020,강원도,원주시,7.9,145,1830
2020,강원도,강릉시,11.2,95,848
2020,강원도,동해시,8.1,24,296
2020,강원도,태백시,10,17,170
2020,강원도,속초시,11.7,52,446
2020,강원도,삼척시,5.6,20,356
2020,강원도,홍천군,6.4,23,357
2020,강원도,횡성군,9.9,22,223
2020,강원도,영월군,9.1,14,154
2020,강원도,평창군,10.4,16,154
2020,강원도,정선군,5.9,6,101
2020,강원도,철원군,16,24,150
2020,강원도,화천군,5,6,121
2020,강원도,양구군,15.6,12,77
2020,강원도,인제군,8.5,7,82
2020,강원도,고성군,12.4,16,129
2020,강원도,양양군,9.1,15,165
2020,충청북도,소계,8.7,734,8398
2020,충청북도,충주시,8.4,92,1099
2020,충청북도,제천시,9.1,73,801
2020,충청북도,청주시,8.6,383,4456
2020,충청북도,충북 청원군,-,-,-
2020,충청북도,보은군,3,4,132
2020,충청북도,옥천군,8.1,13,160
2020,충청북도,영동군,4.4,7,158
2020,충청북도,진천군,10.2,49,481
2020,충청북도,괴산군,7.3,14,193
2020,충청북도,음성군,12.9,78,606
2020,충청북도,단양군,6.9,10,145
2020,충청북도,증평군,6.6,11,167
2020,충청남도,소계,12.4,1108,8952
2020,충청남도,천안시,11.4,351,3086
2020,충청남도,공주시,13.4,69,514
2020,충청남도,보령시,12.2,57,468
2020,충청남도,아산시,13.2,157,1190
2020,충청남도,서산시,16.4,121,737
2020,충청남도,논산시,12.8,48,375
2020,충청남도,계룡시,9.3,5,54
2020,충청남도,당진시,13.7,103,751
2020,충청남도,금산군,10.7,13,121
2020,충청남도,부여군,8,16,201
2020,충청남도,서천군,10.4,30,289
2020,충청남도,청양군,9.4,16,170
2020,충청남도,홍성군,14.9,48,322
2020,충청남도,예산군,11.7,44,375
2020,충청남도,태안군,10,30,299
2020,전라북도,소계,9.6,617,6451
2020,전라북도,전주시,11.6,241,2082
2020,전라북도,군산시,7.8,86,1103
2020,전라북도,익산시,7.9,86,1094
2020,전라북도,정읍시,7.9,39,491
2020,전라북도,남원시,8,22,275
2020,전라북도,김제시,9,33,368
2020,전라북도,완주군,14.9,35,235
2020,전라북도,진안군,13.5,7,52
2020,전라북도,무주군,8.5,8,94
2020,전라북도,장수군,4.1,3,73
2020,전라북도,임실군,2.6,3,115
2020,전라북도,순창군,12.8,14,109
2020,전라북도,고창군,6.8,10,147
2020,전라북도,부안군,14.1,30,213
2020,전라남도,소계,8.9,871,9816
2020,전라남도,목포시,8.5,143,1674
2020,전라남도,여수시,10.1,165,1635
2020,전라남도,순천시,8.5,114,1340
2020,전라남도,나주시,11.2,55,493
2020,전라남도,광양시,12.1,80,663
2020,전라남도,담양군,4.9,14,287
2020,전라남도,곡성군,7.4,9,122
2020,전라남도,구례군,9,10,111
2020,전라남도,고흥군,9.8,31,317
2020,전라남도,보성군,8.2,18,220
2020,전라남도,화순군,7.5,24,318
2020,전라남도,장흥군,6.7,17,255
2020,전라남도,강진군,6.6,20,301
2020,전라남도,해남군,9.6,27,281
2020,전라남도,영암군,7,28,400
2020,전라남도,무안군,9.4,37,395
2020,전라남도,함평군,6.5,12,185
2020,전라남도,영광군,7.9,15,190
2020,전라남도,장성군,7.2,18,249
2020,전라남도,완도군,8.8,15,170
2020,전라남도,진도군,6.7,7,105
2020,전라남도,신안군,11.4,12,105
2020,경상북도,소계,8.5,1072,12673
2020,경상북도,포항시,6.9,175,2537
2020,경상북도,경주시,8.1,106,1312
2020,경상북도,김천시,8.5,49,578
2020,경상북도,안동시,7.3,68,929
2020,경상북도,구미시,10.6,179,1693
2020,경상북도,영주시,6.9,29,419
2020,경상북도,영천시,7.8,56,717
2020,경상북도,상주시,7.9,43,544
2020,경상북도,문경시,7.6,26,344
2020,경상북도,경산시,9.9,108,1089
2020,경상북도,군위군,5.7,6,106
2020,경상북도,의성군,4.3,10,233
2020,경상북도,청송군,3.3,2,60
2020,경상북도,영양군,12.7,10,79
2020,경상북도,영덕군,5.7,13,229
2020,경상북도,청도군,8.6,15,175
2020,경상북도,고령군,7.7,12,156
2020,경상북도,성주군,10.2,26,254
2020,경상북도,칠곡군,13.8,104,752
2020,경상북도,예천군,6.8,13,191
2020,경상북도,봉화군,8.1,11,136
2020,경상북도,울진군,8.7,11,127
2020,경상북도,울릉군,-,-,13
2020,경상남도,소계,8.7,1023,11739
2020,경상남도,진주시,14.5,95,656
2020,경상남도,통영시,8.3,57,685
2020,경상남도,사천시,9,56,624
2020,경상남도,김해시,8.2,173,2105
2020,경상남도,밀양시,8.3,41,496
2020,경상남도,거제시,8.2,67,820
2020,경상남도,양산시,7.4,92,1240
2020,경상남도,창원시,8.5,253,2978
2020,경상남도,의령군,2.4,3,126
2020,경상남도,함안군,8.5,25,294
2020,경상남도,창녕군,10.9,36,331
2020,경상남도,고성군,10.1,26,257
2020,경상남도,남해군,6.8,14,207
2020,경상남도,하동군,7.8,9,116
2020,경상남도,산청군,7.1,13,183
2020,경상남도,함양군,8.6,13,152
2020,경상남도,거창군,11.9,30,253
2020,경상남도,합천군,9.3,20,216
2020,제주특별자치도,소계,9,362,4030
2020,제주특별자치도,제주시,8.9,255,2879
2020,제주특별자치도,서귀포시,9.3,107,1151
