시도,시군구,사고년도,2017,2017,2017,2017,2017,2017,2017,2017,2017,2017,2017,2017,2017,2018,2018,2018,2018,2018,2018,2018,2018,2018,2018,2018,2018,2018,2019,2019,2019,2019,2019,2019,2019,2019,2019,2019,2019,2019,2019,2020,2020,2020,2020,2020,2020,2020,2020,2020,2020,2020,2020,2020
시도,시군구,사고년도,합계,01월,02월,03월,04월,05월,06월,07월,08월,09월,10월,11월,12월,합계,01월,02월,03월,04월,05월,06월,07월,08월,09월,10월,11월,12월,합계,01월,02월,03월,04월,05월,06월,07월,08월,09월,10월,11월,12월,합계,01월,02월,03월,04월,05월,06월,07월,08월,09월,10월,11월,12월
합계,합계,사고건수,"19,517","1,647","1,401","1,556","1,602","1,536","1,489","1,640","1,657","1,642","1,717","1,745","1,885","19,381","1,654","1,649","1,665","1,827","1,701","1,527","1,652","1,612","1,676","1,669","1,382","1,367","15,708","1,070",971,"1,255","1,369","1,358","1,262","1,070","1,304","1,447","1,496","1,531","1,575","17,247","1,235","1,394","1,478","1,465","1,489","1,424","1,642","1,568","1,449","1,446","1,405","1,252"
합계,합계,사망자수,439,37,24,57,39,37,34,44,29,46,34,28,30,346,27,36,30,30,29,21,28,35,32,33,20,25,295,20,24,30,22,25,27,20,27,19,31,27,23,287,23,24,32,20,27,25,22,35,20,24,24,11
합계,합계,부상자수,"33,364","2,979","2,477","2,624","2,687","2,521","2,482","2,787","2,845","2,622","2,999","3,013","3,328","32,952","2,896","2,882","2,900","3,038","2,827","2,534","2,844","2,764","2,872","2,771","2,343","2,281","25,961","1,796","1,710","2,104","2,261","2,207","2,015","1,730","2,073","2,409","2,507","2,534","2,615","28,063","2,004","2,269","2,375","2,385","2,495","2,355","2,702","2,578","2,263","2,432","2,243","1,962"
서울,합계,사고건수,"2,864",248,253,213,221,208,233,259,235,221,248,265,260,"2,856",264,231,256,269,248,209,240,234,245,249,212,199,"2,190",184,111,190,168,194,198,131,169,201,201,216,227,"2,327",166,232,189,188,205,187,203,214,197,172,214,160
서울,합계,사망자수,33,3,3,6,2,5,4,1,3,1,2,1,2,27,2,3,3,1,1,1,3,3,1,3,3,3,13,1,1,2,2,2,1,0,0,2,1,1,0,16,0,2,1,2,4,0,1,1,1,1,3,0
서울,합계,부상자수,"5,089",470,462,391,380,363,383,446,437,386,458,442,471,"5,005",529,398,454,448,418,364,425,414,427,428,362,338,"3,690",370,180,303,280,306,350,208,281,314,334,354,410,"3,817",282,387,301,310,336,319,343,337,312,307,325,258
서울,종로구,사고건수,70,8,3,7,3,7,9,7,5,5,9,4,3,63,9,5,9,8,4,7,2,3,4,7,2,3,48,9,2,3,4,4,3,2,2,5,4,7,3,47,3,5,2,3,8,3,2,5,4,1,6,5
서울,종로구,사망자수,0,0,0,0,0,0,0,0,0,0,0,0,0,0,0,0,0,0,0,0,0,0,0,0,0,0,0,0,0,0,0,0,0,0,0,0,0,0,0,0,0,0,0,0,0,0,0,0,0,0,0,0
서울,종로구,부상자수,144,13,5,24,7,14,14,13,6,9,21,6,12,110,15,7,16,16,7,8,2,5,9,11,7,7,78,13,3,4,10,9,7,2,2,11,6,8,3,71,4,5,3,4,13,5,9,6,5,2,8,7
서울,중구,사고건수,39,1,6,2,4,-,5,2,3,5,4,4,3,70,4,7,4,3,8,4,7,7,7,3,5,11,30,2,-,-,2,3,3,2,4,3,2,4,5,49,5,8,1,4,4,4,4,4,4,1,6,4
서울,중구,사망자수,0,0,0,0,0,-,0,0,0,0,0,0,0,1,0,0,0,0,1,0,0,0,0,0,0,0,0,0,-,-,0,0,0,0,0,0,0,0,0,2,0,0,0,0,2,0,0,0,0,0,0,0
서울,중구,부상자수,66,2,19,3,4,-,6,4,4,9,5,6,4,104,7,11,6,7,10,4,9,11,10,7,6,16,42,4,-,-,3,3,4,4,4,4,4,7,5,64,9,10,1,6,5,4,7,5,4,1,7,5
서울,용산구,사고건수,106,9,11,5,8,6,4,17,4,10,5,10,17,100,11,10,9,5,7,6,9,8,14,6,10,5,73,8,5,9,-,8,8,3,7,8,8,5,4,65,8,5,2,4,6,7,4,7,7,5,7,3
서울,용산구,사망자수,0,0,0,0,0,0,0,0,0,0,0,0,0,0,0,0,0,0,0,0,0,0,0,0,0,0,1,0,0,0,-,0,0,0,0,1,0,0,0,0,0,0,0,0,0,0,0,0,0,0,0,0
서울,용산구,부상자수,180,13,18,6,11,11,5,29,7,20,8,17,35,183,17,15,16,11,10,13,15,13,26,9,23,15,127,15,5,19,-,11,19,4,14,14,14,6,6,105,13,6,2,8,13,12,6,8,14,6,9,8
서울,성동구,사고건수,79,6,9,6,2,2,8,6,8,7,7,12,6,85,6,9,10,10,11,4,5,10,2,9,6,3,61,4,4,6,2,7,7,3,2,11,6,2,7,80,6,2,9,5,9,8,7,8,6,8,8,4
서울,성동구,사망자수,0,0,0,0,0,0,0,0,0,0,0,0,0,1,0,0,1,0,0,0,0,0,0,0,0,0,0,0,0,0,0,0,0,0,0,0,0,0,0,0,0,0,0,0,0,0,0,0,0,0,0,0
서울,성동구,부상자수,160,6,26,13,3,3,19,13,12,11,14,22,18,156,15,18,18,14,17,11,11,21,2,14,10,5,92,4,4,10,3,9,14,3,4,18,12,3,8,132,10,5,18,11,18,12,9,13,9,12,11,4
서울,동대문구,사고건수,94,13,7,6,6,5,7,11,12,7,4,6,10,97,10,8,7,9,9,8,4,9,8,6,10,9,63,6,-,8,3,6,5,5,3,4,6,8,9,76,4,6,8,5,7,7,10,2,7,7,8,5
서울,동대문구,사망자수,6,0,0,0,0,0,0,1,2,0,0,1,2,1,0,0,0,0,0,0,0,0,0,1,0,0,0,0,-,0,0,0,0,0,0,0,0,0,0,0,0,0,0,0,0,0,0,0,0,0,0,0
서울,동대문구,부상자수,151,24,13,13,12,6,8,20,17,9,8,8,13,162,16,11,11,14,18,12,5,16,17,9,15,18,86,15,-,9,4,7,7,5,4,4,9,10,12,120,6,8,15,5,15,11,14,4,7,15,10,10
서울,성북구,사고건수,82,5,4,3,6,8,12,7,9,5,10,8,5,86,11,5,10,10,7,10,5,4,9,5,4,6,62,5,2,9,6,3,6,3,4,5,11,6,2,54,4,5,5,1,7,7,4,3,7,1,5,5
서울,성북구,사망자수,0,0,0,0,0,0,0,0,0,0,0,0,0,2,0,0,0,0,0,0,0,1,0,0,0,1,1,0,0,0,1,0,0,0,0,0,0,0,0,1,0,0,0,0,1,0,0,0,0,0,0,0
서울,성북구,부상자수,128,12,4,6,8,9,18,12,10,9,17,10,13,161,18,9,19,21,12,19,12,11,11,7,9,13,106,8,2,19,5,3,8,6,5,7,16,13,14,97,5,9,5,2,10,17,14,4,11,2,10,8
서울,도봉구,사고건수,71,8,10,5,1,6,6,7,1,3,9,6,9,44,5,3,1,4,3,8,2,4,4,5,2,3,35,5,1,2,2,5,3,2,3,2,5,5,-,39,3,1,2,4,3,2,3,5,4,3,4,5
서울,도봉구,사망자수,3,0,0,0,1,0,1,0,0,0,1,0,0,0,0,0,0,0,0,0,0,0,0,0,0,0,1,1,0,0,0,0,0,0,0,0,0,0,-,0,0,0,0,0,0,0,0,0,0,0,0,0
서울,도봉구,부상자수,122,15,19,9,1,10,13,13,2,3,15,8,14,72,9,7,2,5,5,15,2,4,7,8,4,4,52,5,3,6,4,6,3,3,4,2,10,6,-,66,6,1,3,8,5,5,3,10,5,6,7,7
서울,은평구,사고건수,69,4,4,8,9,8,7,6,5,3,5,7,3,79,6,8,4,6,6,2,12,6,5,14,5,5,77,12,3,4,5,4,8,3,2,7,10,7,12,72,2,8,5,6,7,3,8,8,6,5,9,5
서울,은평구,사망자수,1,0,0,0,0,1,0,0,0,0,0,0,0,0,0,0,0,0,0,0,0,0,0,0,0,0,0,0,0,0,0,0,0,0,0,0,0,0,0,0,0,0,0,0,0,0,0,0,0,0,0,0
서울,은평구,부상자수,144,13,9,20,20,16,14,10,8,4,8,16,6,137,11,13,7,11,16,4,20,7,7,28,6,7,126,25,3,8,8,4,12,6,5,15,16,8,16,114,6,17,5,11,10,7,11,9,9,9,14,6
서울,서대문구,사고건수,52,7,4,5,4,7,4,5,2,4,3,3,4,58,1,2,3,11,5,2,8,1,9,6,4,6,35,1,3,1,2,1,3,1,2,6,2,10,3,44,5,5,5,4,5,2,2,5,3,2,4,2
서울,서대문구,사망자수,0,0,0,0,0,0,0,0,0,0,0,0,0,0,0,0,0,0,0,0,0,0,0,0,0,0,0,0,0,0,0,0,0,0,0,0,0,0,0,1,0,0,0,0,0,0,0,0,1,0,0,0
서울,서대문구,부상자수,83,12,5,8,8,7,7,8,3,11,4,4,6,98,3,3,5,18,7,3,9,1,15,15,7,12,59,2,5,1,7,1,5,1,2,8,7,16,4,76,13,11,13,5,7,2,3,7,5,2,6,2
서울,마포구,사고건수,184,13,20,12,14,11,14,18,15,17,16,20,14,159,14,14,10,11,18,19,9,13,22,13,10,6,118,8,6,13,8,13,7,6,11,13,13,7,13,88,5,6,8,5,10,8,6,9,6,12,6,7
서울,마포구,사망자수,1,0,0,1,0,0,0,0,0,0,0,0,0,0,0,0,0,0,0,0,0,0,0,0,0,0,0,0,0,0,0,0,0,0,0,0,0,0,0,0,0,0,0,0,0,0,0,0,0,0,0,0
서울,마포구,부상자수,336,26,37,26,25,19,24,38,24,32,31,28,26,292,36,25,16,19,24,42,19,26,33,21,22,9,211,15,11,22,12,22,9,10,23,24,25,10,28,166,13,19,10,7,18,16,17,16,11,15,14,10
서울,강서구,사고건수,122,15,5,5,15,5,7,8,14,15,14,12,7,137,11,11,12,12,12,11,12,16,9,12,16,3,110,8,8,6,7,8,11,3,11,9,16,14,9,120,12,12,10,8,11,12,4,17,13,6,5,10
서울,강서구,사망자수,1,0,0,0,0,0,0,0,0,1,0,0,0,2,2,0,0,0,0,0,0,0,0,0,0,0,0,0,0,0,0,0,0,0,0,0,0,0,0,0,0,0,0,0,0,0,0,0,0,0,0,0
서울,강서구,부상자수,223,35,10,8,23,9,11,16,28,25,22,28,8,265,31,23,28,23,26,16,24,30,17,19,24,4,166,14,9,11,14,15,18,5,17,10,20,20,13,181,18,21,17,13,12,19,8,22,19,12,6,14
서울,구로구,사고건수,119,13,10,13,12,5,9,12,8,4,7,15,11,119,16,11,15,10,6,13,6,4,9,5,12,12,103,13,6,8,11,5,11,5,8,11,6,8,11,119,9,13,12,6,9,8,16,8,10,8,15,5
서울,구로구,사망자수,2,0,0,0,0,1,1,0,0,0,0,0,0,2,0,0,0,0,0,0,1,0,0,0,1,0,1,0,0,0,0,0,1,0,0,0,0,0,0,1,0,0,0,0,0,0,0,0,0,0,1,0
서울,구로구,부상자수,208,19,13,35,21,5,15,22,21,5,10,23,19,212,31,14,26,15,8,22,8,7,34,8,22,17,177,31,11,13,21,8,13,7,11,16,14,10,22,207,15,23,15,14,22,15,28,12,16,20,19,8
서울,영등포구,사고건수,179,13,18,9,9,10,23,17,14,14,14,17,21,172,20,12,13,18,11,15,13,15,20,15,7,13,114,7,7,10,17,8,7,6,10,9,6,13,14,129,14,10,15,15,9,8,8,8,11,8,12,11
서울,영등포구,사망자수,4,1,0,2,0,0,1,0,0,0,0,0,0,1,0,0,0,0,0,0,0,0,0,1,0,0,1,0,0,0,1,0,0,0,0,0,0,0,0,1,0,0,1,0,0,0,0,0,0,0,0,0
서울,영등포구,부상자수,347,24,40,15,22,18,40,25,30,26,34,28,45,301,46,20,21,29,18,24,26,20,34,29,11,23,212,18,10,19,31,12,10,11,16,18,17,24,26,221,27,15,21,20,18,17,12,22,15,17,21,16
서울,동작구,사고건수,101,9,10,2,8,7,8,9,13,9,6,12,8,79,6,4,7,10,2,7,7,7,9,9,7,4,67,4,6,3,5,6,6,5,4,10,5,5,8,86,5,11,5,8,9,5,9,8,8,9,4,5
서울,동작구,사망자수,2,1,0,0,0,1,0,0,0,0,0,0,0,1,0,0,0,1,0,0,0,0,0,0,0,0,0,0,0,0,0,0,0,0,0,0,0,0,0,1,0,0,0,0,0,0,0,1,0,0,0,0
서울,동작구,부상자수,185,12,24,5,11,9,10,19,33,17,10,18,17,155,8,8,15,20,4,16,14,9,15,17,15,14,144,8,12,5,7,10,25,10,7,17,6,18,19,142,5,17,8,12,12,10,15,10,14,19,4,16
서울,관악구,사고건수,89,8,4,5,5,7,7,10,8,5,10,9,11,104,9,6,13,11,7,4,11,7,10,10,10,6,95,4,6,13,5,6,10,7,9,7,6,11,11,91,3,15,5,9,3,2,8,12,10,9,9,6
서울,관악구,사망자수,0,0,0,0,0,0,0,0,0,0,0,0,0,0,0,0,0,0,0,0,0,0,0,0,0,0,0,0,0,0,0,0,0,0,0,0,0,0,0,1,0,1,0,0,0,0,0,0,0,0,0,0
서울,관악구,부상자수,130,16,5,8,7,12,7,15,13,5,13,15,14,169,14,11,24,13,11,7,13,12,17,16,22,9,149,7,17,18,7,8,11,10,15,9,8,16,23,130,3,22,9,15,3,4,12,18,13,14,11,6
서울,강남구,사고건수,403,37,34,41,32,29,32,37,27,32,32,31,39,373,35,28,33,35,30,23,37,32,29,33,23,35,293,28,14,29,27,26,25,20,22,22,16,26,38,343,29,33,34,34,26,27,35,39,18,24,24,20
서울,강남구,사망자수,1,1,0,0,0,0,0,0,0,0,0,0,0,1,0,0,1,0,0,0,0,0,0,0,0,0,1,0,1,0,0,0,0,0,0,0,0,0,0,3,0,0,0,1,1,0,0,0,0,0,1,0
서울,강남구,부상자수,692,76,59,70,52,55,46,50,54,50,61,51,68,677,90,51,62,59,41,44,58,69,54,57,41,51,523,61,18,51,45,46,53,40,35,30,21,59,64,614,54,61,57,68,44,40,60,76,36,49,32,37
서울,강동구,사고건수,96,7,16,9,8,10,9,3,7,7,5,8,7,99,3,8,10,13,7,12,12,6,6,5,8,9,64,3,2,6,2,5,8,8,3,5,7,7,8,63,4,3,4,4,9,6,5,8,7,4,5,4
서울,강동구,사망자수,2,0,1,1,0,0,0,0,0,0,0,0,0,1,0,0,0,0,0,0,0,0,0,0,1,0,0,0,0,0,0,0,0,0,0,0,0,0,0,0,0,0,0,0,0,0,0,0,0,0,0,0
서울,강동구,부상자수,171,14,29,11,12,21,22,7,14,10,8,11,12,162,3,12,18,18,14,19,21,15,6,11,11,14,108,7,6,10,4,6,15,11,6,5,10,14,14,100,6,6,10,6,15,10,5,10,17,5,5,5
서울,송파구,사고건수,207,18,14,18,17,13,12,21,19,16,14,28,17,199,22,22,12,26,19,12,21,17,12,12,14,10,161,17,5,5,12,19,19,11,16,13,19,13,12,148,10,20,7,11,17,10,14,8,12,11,18,10
서울,송파구,사망자수,2,0,0,1,0,1,0,0,0,0,0,0,0,2,0,1,0,0,0,0,0,0,0,1,0,0,0,0,0,0,0,0,0,0,0,0,0,0,0,2,0,1,0,0,0,0,1,0,0,0,0,0
서울,송파구,부상자수,374,32,28,30,27,30,29,32,34,35,19,49,29,344,36,37,24,49,36,15,44,31,15,19,23,15,295,31,5,6,20,41,32,18,34,25,40,17,26,243,16,32,11,15,29,22,19,19,20,19,22,19
서울,서초구,사고건수,182,14,14,16,19,16,11,19,13,13,15,10,22,173,18,14,16,14,21,10,10,13,11,17,17,12,152,13,9,15,11,12,12,8,9,11,12,22,18,165,5,17,14,15,13,15,17,14,13,15,15,12
서울,서초구,사망자수,1,0,1,0,0,0,0,0,0,0,0,0,0,2,0,0,0,0,0,0,0,1,1,0,0,0,2,0,0,0,0,1,0,0,0,0,0,1,0,0,0,0,0,0,0,0,0,0,0,0,0,0
서울,서초구,부상자수,330,29,20,31,34,26,18,37,21,31,28,16,39,279,33,24,28,16,37,14,21,20,13,23,24,26,248,26,20,19,23,17,22,10,14,13,17,36,31,281,6,34,25,26,21,26,34,22,20,22,29,16
서울,양천구,사고건수,96,6,8,4,6,10,5,10,12,9,8,11,7,91,11,7,14,6,9,8,8,7,2,8,6,5,64,5,3,4,3,7,4,3,6,4,6,8,11,79,5,13,10,3,8,3,6,5,9,8,5,4
서울,양천구,사망자수,0,0,0,0,0,0,0,0,0,0,0,0,0,0,0,0,0,0,0,0,0,0,0,0,0,0,1,0,0,0,0,0,0,0,0,0,1,0,0,0,0,0,0,0,0,0,0,0,0,0,0,0
서울,양천구,부상자수,183,13,12,7,9,18,7,23,25,20,16,19,14,152,14,16,23,8,17,16,14,13,4,15,7,5,121,13,7,7,3,10,10,4,9,7,8,13,30,128,11,17,12,8,11,6,9,6,14,19,11,4
서울,중랑구,사고건수,80,7,8,5,6,11,6,8,6,3,7,6,7,82,9,5,9,7,6,2,5,9,6,15,7,2,74,2,7,6,11,3,7,8,7,5,9,7,2,67,6,7,6,3,7,8,3,5,6,3,7,6
서울,중랑구,사망자수,1,0,0,0,0,1,0,0,0,0,0,0,0,1,0,0,0,0,0,0,0,0,0,0,1,0,0,0,0,0,0,0,0,0,0,0,0,0,0,0,0,0,0,0,0,0,0,0,0,0,0,0
서울,중랑구,부상자수,149,17,17,7,12,28,8,13,11,4,13,6,13,122,19,5,9,13,7,2,7,11,10,24,13,2,102,2,8,9,18,3,10,10,9,6,13,10,4,92,8,12,9,3,8,13,3,5,10,4,10,7
서울,노원구,사고건수,114,14,13,14,9,10,9,6,7,8,12,4,8,110,6,11,7,9,11,8,10,11,11,10,8,8,93,7,4,11,6,14,8,7,4,13,7,7,5,86,1,7,7,17,5,8,5,8,9,3,8,8
서울,노원구,사망자수,1,0,1,0,0,0,0,0,0,0,0,0,0,2,0,0,0,0,0,1,0,1,0,0,0,0,0,0,0,0,0,0,0,0,0,0,0,0,0,0,0,0,0,0,0,0,0,0,0,0,0,0
서울,노원구,부상자수,180,25,15,21,21,17,11,10,10,11,23,6,10,186,12,17,16,12,14,11,20,17,25,14,13,15,147,16,9,14,6,23,12,14,8,18,8,11,8,132,1,7,12,22,10,9,7,11,12,8,19,14
서울,광진구,사고건수,77,5,2,2,4,7,8,5,9,9,13,9,4,107,8,8,10,7,9,9,7,13,10,8,10,8,62,7,3,5,7,8,7,2,5,6,4,2,6,83,5,5,4,6,4,10,11,6,10,8,9,5
서울,광진구,사망자수,2,0,0,0,0,0,1,0,1,0,0,0,0,4,0,0,1,0,0,0,2,0,0,0,0,1,1,0,0,0,0,1,0,0,0,0,0,0,0,0,0,0,0,0,0,0,0,0,0,0,0,0
서울,광진구,부상자수,134,7,4,3,10,12,14,7,19,12,22,17,7,173,12,10,13,11,15,19,16,19,15,19,14,10,100,18,4,5,10,8,11,5,11,10,8,2,8,138,8,10,8,9,6,18,20,6,16,9,19,9
서울,강북구,사고건수,85,4,11,8,11,4,6,5,8,9,10,3,6,77,5,4,7,8,9,2,9,5,4,7,7,10,60,4,2,7,2,8,5,3,5,9,7,6,2,44,6,4,3,2,4,6,4,3,2,2,7,1
서울,강북구,사망자수,3,0,0,1,1,0,0,0,0,0,1,0,0,3,0,2,0,0,0,0,0,0,0,0,0,1,1,0,0,1,0,0,0,0,0,0,0,0,0,1,0,0,0,0,0,0,0,0,0,0,1,0
서울,강북구,부상자수,128,6,16,9,16,4,9,6,17,16,15,4,10,145,8,10,15,18,21,2,20,8,5,10,10,18,102,9,4,10,3,17,9,4,9,14,11,8,4,73,9,6,6,3,5,9,8,5,2,5,12,3
서울,금천구,사고건수,68,4,8,3,3,4,5,3,6,2,9,10,11,93,8,9,11,6,11,3,9,7,13,9,2,5,76,2,3,7,8,5,5,5,10,3,8,6,14,90,7,11,6,6,5,8,8,9,5,9,8,8
서울,금천구,사망자수,0,0,0,0,0,0,0,0,0,0,0,0,0,0,0,0,0,0,0,0,0,0,0,0,0,0,2,0,0,1,0,0,0,0,0,1,0,0,0,2,0,0,0,1,0,0,0,0,0,1,0,0
서울,금천구,부상자수,141,9,15,3,4,4,8,4,14,2,33,26,19,188,25,21,16,8,23,6,15,18,26,18,3,9,117,3,4,8,12,7,11,5,13,9,14,9,22,124,10,13,6,9,6,10,10,11,8,15,9,17
부산,합계,사고건수,709,69,45,66,62,59,45,63,56,64,58,66,56,743,61,46,65,52,62,61,60,84,86,66,52,48,636,35,43,62,47,51,56,50,53,47,50,81,61,742,46,39,60,72,62,72,81,73,56,66,52,63
부산,합계,사망자수,20,0,4,1,2,1,1,1,0,4,3,0,3,10,1,0,0,4,0,0,1,1,2,1,0,0,10,1,1,2,0,2,1,0,0,0,0,3,0,5,1,0,1,0,0,0,0,0,1,1,1,0
부산,합계,부상자수,"1,163",126,67,93,94,108,77,117,100,90,99,104,88,"1,237",108,71,122,98,93,98,103,130,139,114,83,78,"1,009",57,65,100,82,76,88,66,72,83,81,129,110,"1,187",72,56,98,124,98,121,130,103,86,124,83,92
부산,중구,사고건수,16,2,-,2,-,2,1,1,2,-,-,2,4,21,2,1,3,2,1,2,1,3,2,3,-,1,10,2,-,1,1,-,1,1,1,1,1,1,-,10,1,-,1,1,1,1,1,1,-,2,1,-
부산,중구,사망자수,1,0,-,0,-,1,0,0,0,-,-,0,0,0,0,0,0,0,0,0,0,0,0,0,-,0,0,0,-,0,0,-,0,0,0,0,0,0,-,0,0,-,0,0,0,0,0,0,-,0,0,-
부산,중구,부상자수,24,4,-,3,-,5,1,1,3,-,-,2,5,35,2,1,4,2,2,3,6,8,3,3,-,1,15,2,-,1,2,-,1,2,1,1,2,3,-,15,2,-,1,1,3,1,3,1,-,2,1,-
부산,서구,사고건수,20,1,3,4,1,1,1,2,1,2,1,1,2,16,1,-,2,1,-,2,-,1,5,1,3,-,28,-,3,1,3,1,2,4,3,-,6,2,3,21,1,1,3,2,-,2,3,1,-,5,-,3
부산,서구,사망자수,1,0,1,0,0,0,0,0,0,0,0,0,0,1,0,-,0,0,-,0,-,0,1,0,0,-,0,-,0,0,0,0,0,0,0,-,0,0,0,0,0,0,0,0,-,0,0,0,-,0,-,0
부산,서구,부상자수,27,1,2,4,3,2,1,3,1,2,3,2,3,28,1,-,7,1,-,3,-,1,7,1,7,-,35,-,3,2,4,1,3,4,3,-,10,2,3,30,1,1,3,3,-,4,6,1,-,8,-,3
부산,동구,사고건수,22,-,3,3,4,2,1,3,-,3,-,3,-,21,1,3,1,1,2,2,1,2,2,5,1,-,21,2,1,1,3,1,3,2,1,2,1,3,1,29,3,2,7,3,-,2,4,2,3,1,-,2
부산,동구,사망자수,1,-,0,0,0,0,0,0,-,1,-,0,-,0,0,0,0,0,0,0,0,0,0,0,0,-,0,0,0,0,0,0,0,0,0,0,0,0,0,1,0,0,0,0,-,0,0,0,1,0,-,0
부산,동구,부상자수,37,-,5,3,4,5,9,4,-,2,-,5,-,40,2,4,2,5,3,3,1,7,2,10,1,-,33,2,2,1,4,2,6,2,1,3,2,6,2,45,4,2,12,6,-,6,5,2,3,2,-,3
부산,영도구,사고건수,19,1,1,-,1,3,-,1,1,3,2,5,1,19,-,1,2,2,2,3,4,2,2,1,-,-,16,1,1,2,-,3,1,-,2,3,-,1,2,19,1,-,-,3,2,3,4,1,1,1,2,1
부산,영도구,사망자수,1,0,0,-,0,0,-,0,0,0,0,0,1,1,-,0,0,0,0,0,0,0,0,1,-,-,0,0,0,0,-,0,0,-,0,0,-,0,0,0,0,-,-,0,0,0,0,0,0,0,0,0
부산,영도구,부상자수,38,4,2,-,2,8,-,2,3,3,2,9,3,23,-,1,4,3,2,4,4,2,2,1,-,-,25,2,1,2,-,7,1,-,2,5,-,3,2,31,3,-,-,4,2,4,7,2,1,4,3,1
부산,진구,사고건수,83,7,5,9,8,7,6,8,4,9,9,7,4,117,9,6,13,5,13,10,7,9,17,14,5,9,82,5,3,11,4,7,7,6,7,2,5,12,13,112,8,4,10,6,7,14,15,9,11,10,10,8
부산,진구,사망자수,0,0,0,0,0,0,0,0,0,0,0,0,0,0,0,0,0,0,0,0,0,0,0,0,0,0,0,0,0,0,0,0,0,0,0,0,0,0,0,0,0,0,0,0,0,0,0,0,0,0,0,0
부산,진구,부상자수,131,12,9,12,13,8,12,16,5,15,13,10,6,199,18,9,25,9,18,17,14,13,30,24,7,15,139,8,4,22,9,10,9,7,11,4,10,16,29,191,13,9,16,11,8,20,26,16,19,24,13,16
부산,동래구,사고건수,73,8,8,7,4,5,8,3,5,2,8,10,5,48,4,2,7,3,4,5,3,5,3,6,3,3,53,4,6,4,1,4,8,3,3,5,3,3,9,51,5,-,3,7,8,4,4,4,5,4,2,5
부산,동래구,사망자수,3,0,1,0,0,0,1,0,0,0,0,0,1,0,0,0,0,0,0,0,0,0,0,0,0,0,0,0,0,0,0,0,0,0,0,0,0,0,0,0,0,-,0,0,0,0,0,0,0,0,0,0
부산,동래구,부상자수,122,11,14,8,5,13,10,4,12,9,12,18,6,69,5,3,9,4,10,6,4,8,3,9,3,5,90,7,9,9,1,4,9,5,5,13,7,5,16,70,6,-,3,10,9,5,6,5,8,4,3,11
부산,남구,사고건수,56,3,2,7,6,6,-,4,6,5,6,6,5,45,3,4,4,4,4,2,-,9,6,-,4,5,32,3,2,3,6,3,3,1,3,1,1,5,1,52,1,6,2,10,2,5,4,5,3,6,4,4
부산,남구,사망자수,0,0,0,0,0,0,-,0,0,0,0,0,0,2,0,0,0,2,0,0,-,0,0,-,0,0,1,0,0,0,0,1,0,0,0,0,0,0,0,0,0,0,0,0,0,0,0,0,0,0,0,0
부산,남구,부상자수,79,3,2,9,9,11,-,6,10,6,11,6,6,67,3,10,4,7,5,3,-,9,8,-,9,9,55,6,3,3,9,3,6,4,5,2,2,9,3,72,1,8,5,18,2,9,6,6,3,6,4,4
부산,북구,사고건수,49,5,5,2,6,3,-,6,6,3,6,2,5,43,6,1,4,4,3,4,3,5,1,6,3,3,44,-,5,3,4,4,2,6,2,5,4,5,4,52,5,2,6,5,2,3,4,5,9,3,6,2
부산,북구,사망자수,1,0,0,0,0,0,-,1,0,0,0,0,0,1,0,0,0,0,0,0,0,1,0,0,0,0,0,-,0,0,0,0,0,0,0,0,0,0,0,1,1,0,0,0,0,0,0,0,0,0,0,0
부산,북구,부상자수,85,15,7,4,9,4,-,12,9,3,8,3,11,80,9,1,18,12,4,5,4,7,1,11,3,5,66,-,5,4,7,7,3,6,2,12,6,8,6,78,7,2,9,8,2,4,6,9,11,3,12,5
부산,해운대구,사고건수,76,8,3,9,8,4,5,5,6,10,5,4,9,93,10,8,4,6,11,5,8,11,8,12,6,4,71,3,8,6,4,4,5,7,5,5,6,13,5,81,2,3,4,6,11,6,14,7,3,9,7,9
부산,해운대구,사망자수,5,0,1,1,2,0,0,0,0,0,1,0,0,2,0,0,0,1,0,0,1,0,0,0,0,0,5,0,1,0,0,0,1,0,0,0,0,3,0,1,0,0,0,0,0,0,0,0,0,1,0,0
부산,해운대구,부상자수,133,13,8,14,14,9,8,8,12,16,8,5,18,169,31,12,5,9,19,8,13,19,14,20,12,7,113,5,13,10,7,9,7,10,11,7,9,16,9,135,2,9,7,14,22,8,19,9,5,18,11,11
부산,사하구,사고건수,68,4,3,7,8,8,6,6,4,6,7,4,5,63,5,2,7,5,6,4,5,10,9,1,4,5,54,3,2,5,4,7,6,3,2,8,5,4,5,60,3,5,2,6,6,3,8,7,5,7,4,4
부산,사하구,사망자수,1,0,0,0,0,0,0,0,0,1,0,0,0,0,0,0,0,0,0,0,0,0,0,0,0,0,1,0,0,0,0,1,0,0,0,0,0,0,0,0,0,0,0,0,0,0,0,0,0,0,0,0
부산,사하구,부상자수,113,9,4,12,13,13,10,13,6,7,15,5,6,98,8,2,13,8,9,7,9,11,18,1,4,8,86,6,2,9,6,8,15,3,3,15,7,4,8,96,5,6,2,11,8,4,16,7,11,15,5,6
부산,금정구,사고건수,43,8,3,2,6,2,4,2,1,6,4,2,3,37,2,1,2,1,3,6,4,4,3,2,6,3,35,5,2,7,2,2,1,5,2,1,2,4,2,37,1,2,1,4,2,5,4,6,2,7,1,2
부산,금정구,사망자수,2,0,1,0,0,0,0,0,0,1,0,0,0,0,0,0,0,0,0,0,0,0,0,0,0,0,1,0,0,1,0,0,0,0,0,0,0,0,0,0,0,0,0,0,0,0,0,0,0,0,0,0
부산,금정구,부상자수,71,12,2,2,8,3,5,8,2,7,12,6,4,54,3,1,4,2,4,10,4,5,5,3,10,3,56,9,2,9,3,2,1,9,2,1,3,12,3,68,1,3,4,6,2,13,7,8,2,16,4,2
부산,강서구,사고건수,35,4,4,2,1,2,1,4,6,4,-,3,4,44,4,5,3,4,1,3,4,4,5,4,3,4,43,2,3,6,1,4,3,4,2,4,3,6,5,42,2,5,3,7,1,1,5,5,1,3,3,6
부산,강서구,사망자수,1,0,0,0,0,0,0,0,0,0,-,0,1,0,0,0,0,0,0,0,0,0,0,0,0,0,0,0,0,0,0,0,0,0,0,0,0,0,0,0,0,0,0,0,0,0,0,0,0,0,0,0
부산,강서구,부상자수,55,8,5,2,1,2,1,6,10,6,-,7,7,67,8,8,4,4,1,7,9,4,7,4,5,6,75,2,6,11,7,5,3,5,3,5,5,14,9,68,4,5,6,13,1,4,6,6,2,6,9,6
부산,연제구,사고건수,39,6,2,2,1,4,5,4,5,3,2,3,2,33,4,-,2,2,6,2,5,3,4,1,3,1,40,1,1,3,3,2,4,3,9,3,2,8,1,34,2,1,5,2,4,5,1,8,1,2,1,2
부산,연제구,사망자수,0,0,0,0,0,0,0,0,0,0,0,0,0,0,0,-,0,0,0,0,0,0,0,0,0,0,0,0,0,0,0,0,0,0,0,0,0,0,0,1,0,0,1,0,0,0,0,0,0,0,0,0
부산,연제구,부상자수,69,10,2,2,1,6,8,11,11,3,5,5,5,57,5,-,2,6,6,3,10,7,10,1,6,1,59,1,2,3,3,3,11,3,9,6,4,13,1,50,3,1,5,2,4,11,1,13,2,4,1,3
부산,수영구,사고건수,37,5,-,4,2,5,1,4,4,4,2,5,1,53,1,4,6,2,3,3,8,5,9,4,6,2,30,-,4,4,1,2,1,2,2,3,3,4,4,40,3,-,2,2,7,3,5,1,6,3,5,3
부산,수영구,사망자수,1,0,-,0,0,0,0,0,0,0,1,0,0,0,0,0,0,0,0,0,0,0,0,0,0,0,1,-,0,1,0,0,0,0,0,0,0,0,0,0,0,-,0,0,0,0,0,0,0,0,0,0
부산,수영구,부상자수,65,10,-,9,4,7,1,7,6,7,4,9,1,87,2,8,14,4,3,3,14,9,12,8,8,2,41,-,6,3,2,4,1,2,3,5,3,6,6,62,9,-,3,2,12,3,8,1,9,4,7,4
부산,사상구,사고건수,47,5,2,5,4,3,4,5,3,1,4,6,5,52,6,5,2,8,1,4,3,5,5,3,5,5,52,2,-,4,7,2,7,1,7,4,6,7,5,55,2,3,6,7,4,11,2,5,1,1,4,9
부산,사상구,사망자수,0,0,0,0,0,0,0,0,0,0,0,0,0,2,1,0,0,1,0,0,0,0,0,0,0,0,0,0,-,0,0,0,0,0,0,0,0,0,0,0,0,0,0,0,0,0,0,0,0,0,0,0
부산,사상구,부상자수,74,12,2,8,5,5,5,10,7,1,5,8,6,94,6,8,3,18,1,11,3,9,8,7,8,12,78,3,-,10,13,3,9,1,9,4,7,8,11,91,4,3,13,13,10,15,5,6,2,1,7,12
부산,기장군,사고건수,26,2,1,1,2,2,2,5,2,3,2,3,1,38,3,3,3,2,2,4,4,6,5,3,-,3,25,2,2,1,3,5,2,2,2,-,2,3,1,47,6,5,5,1,5,4,3,6,5,2,2,3
부산,기장군,사망자수,2,0,0,0,0,0,0,0,0,1,1,0,0,1,0,0,0,0,0,0,0,0,1,0,-,0,1,1,0,0,0,0,0,0,0,-,0,0,0,1,0,0,0,0,0,0,0,0,0,0,1,0
부산,기장군,부상자수,40,2,3,1,3,7,6,6,3,3,1,4,1,70,5,3,4,4,6,5,8,11,9,11,-,4,43,4,7,1,5,8,3,3,2,-,4,4,2,85,7,7,9,2,13,10,3,11,8,7,3,5
대구,합계,사고건수,890,68,60,72,81,70,67,74,77,65,90,71,95,890,72,71,74,84,82,72,77,72,78,75,66,67,702,46,50,64,66,47,53,43,58,71,69,72,63,765,66,42,61,59,57,54,78,72,79,78,65,54
대구,합계,사망자수,18,0,0,1,3,2,3,1,0,1,3,2,2,18,1,3,1,3,3,0,2,2,1,0,0,2,13,2,1,2,3,1,0,0,1,0,0,1,2,12,1,1,1,1,2,2,0,3,0,0,1,0
대구,합계,부상자수,"1,528",116,96,116,139,113,113,126,143,99,149,130,188,"1,473",126,122,120,141,133,114,144,116,126,112,121,98,"1,209",72,88,115,112,79,84,71,108,120,134,111,115,"1,302",110,65,117,97,100,95,138,120,128,133,118,81
대구,중구,사고건수,73,6,7,3,10,3,4,2,9,6,7,6,10,66,5,4,6,4,7,5,7,5,3,7,7,6,41,5,5,3,3,6,1,1,4,2,3,4,4,54,4,4,4,3,3,6,9,6,3,7,4,1
대구,중구,사망자수,1,0,0,0,0,0,0,0,0,0,0,1,0,0,0,0,0,0,0,0,0,0,0,0,0,0,0,0,0,0,0,0,0,0,0,0,0,0,0,0,0,0,0,0,0,0,0,0,0,0,0,0
대구,중구,부상자수,137,20,14,3,19,6,6,6,15,9,12,7,20,117,6,6,12,8,11,11,16,12,4,8,10,13,75,5,7,6,5,14,1,1,17,3,4,5,7,98,8,4,8,3,5,11,22,14,3,11,6,3
대구,동구,사고건수,108,7,9,13,10,9,8,7,8,6,12,8,11,127,12,5,4,14,20,9,11,8,16,9,11,8,100,3,12,11,13,10,8,5,2,10,9,10,7,81,5,3,9,8,5,5,9,8,7,8,9,5
대구,동구,사망자수,3,0,0,0,1,0,1,0,0,0,0,0,1,4,1,0,0,1,0,0,1,0,1,0,0,0,3,0,0,0,2,1,0,0,0,0,0,0,0,0,0,0,0,0,0,0,0,0,0,0,0,0
대구,동구,부상자수,184,14,14,24,13,16,15,13,13,14,16,13,19,196,14,8,7,20,35,15,17,14,27,10,17,12,188,5,25,23,22,18,12,10,3,17,25,19,9,139,8,6,14,16,9,9,12,8,10,23,18,6
대구,서구,사고건수,80,7,1,7,9,6,3,6,9,6,14,4,8,82,5,5,9,6,6,7,5,8,6,10,6,9,77,4,7,9,8,8,3,3,5,8,4,8,10,59,6,1,6,5,6,6,5,4,9,6,3,2
대구,서구,사망자수,0,0,0,0,0,0,0,0,0,0,0,0,0,4,0,0,1,0,1,0,0,1,0,0,0,1,1,0,0,0,0,0,0,0,0,0,0,0,1,1,0,0,0,0,0,0,0,1,0,0,0,0
대구,서구,부상자수,145,16,1,13,13,11,3,7,14,9,31,13,14,131,9,10,14,8,7,10,15,13,8,18,8,11,131,4,11,15,17,16,6,5,10,12,5,13,17,104,9,1,14,8,8,13,8,8,14,12,7,2
대구,남구,사고건수,53,2,5,5,2,5,4,9,6,4,3,6,2,55,2,7,3,8,5,2,3,3,6,8,3,5,42,-,4,1,4,2,4,2,3,8,6,6,2,68,9,3,2,4,7,7,6,3,8,8,5,6
대구,남구,사망자수,1,0,0,0,0,1,0,0,0,0,0,0,0,0,0,0,0,0,0,0,0,0,0,0,0,0,1,-,0,0,0,0,0,0,0,0,0,1,0,0,0,0,0,0,0,0,0,0,0,0,0,0
대구,남구,부상자수,94,3,9,7,3,5,7,17,10,8,7,14,4,84,3,11,6,11,7,4,4,6,8,10,7,7,76,-,9,2,8,2,4,3,7,14,11,8,8,127,19,9,2,8,12,14,8,4,13,16,13,9
대구,북구,사고건수,134,4,10,12,12,7,14,9,9,11,13,12,21,153,12,12,11,13,14,11,11,19,17,7,9,17,113,13,8,10,12,2,12,8,10,10,11,9,8,112,4,7,6,10,9,8,12,15,10,9,10,12
대구,북구,사망자수,2,0,0,0,0,0,0,0,0,0,1,0,1,3,0,0,0,0,2,0,0,0,0,0,0,1,2,0,1,1,0,0,0,0,0,0,0,0,0,3,0,0,1,1,1,0,0,0,0,0,0,0
대구,북구,부상자수,227,5,14,17,21,13,22,17,14,17,18,28,41,226,28,14,16,19,19,17,16,28,22,7,21,19,186,24,15,20,19,2,16,13,14,18,18,15,12,178,5,10,8,16,13,10,20,30,13,11,21,21
대구,수성구,사고건수,147,11,7,11,10,14,14,17,15,9,11,11,17,137,14,14,17,13,6,10,16,8,10,14,7,8,91,8,6,11,7,8,7,6,9,7,8,7,7,133,24,8,6,9,8,7,14,13,12,11,16,5
대구,수성구,사망자수,1,0,0,0,0,1,0,0,0,0,0,0,0,2,0,0,0,2,0,0,0,0,0,0,0,0,3,0,0,0,1,0,0,0,1,0,0,0,1,2,1,0,0,0,0,0,0,0,0,0,1,0
대구,수성구,부상자수,275,15,15,21,28,17,25,31,22,13,19,21,48,249,27,24,26,19,14,16,42,8,21,25,17,10,164,9,10,20,13,11,18,13,18,13,12,13,14,218,36,13,12,16,12,13,25,19,19,17,30,6
대구,달서구,사고건수,222,24,16,14,21,19,13,16,15,16,27,21,20,202,14,15,18,21,20,22,19,15,17,12,17,12,170,7,7,13,14,11,15,12,15,18,19,20,19,186,13,12,22,14,11,11,17,16,20,22,11,17
대구,달서구,사망자수,4,0,0,1,1,0,1,0,0,0,0,1,0,2,0,1,0,0,0,0,1,0,0,0,0,0,0,0,0,0,0,0,0,0,0,0,0,0,0,2,0,0,0,0,0,1,0,1,0,0,0,0
대구,달서구,부상자수,357,33,21,22,30,29,26,25,45,19,42,31,34,357,25,33,29,47,33,32,28,23,29,25,31,22,276,8,10,19,22,16,23,18,22,34,34,29,41,335,23,18,52,24,25,22,30,25,44,35,14,23
대구,달성군,사고건수,73,7,5,7,7,7,7,8,6,7,3,3,6,68,8,9,6,5,4,6,5,6,3,8,6,2,68,6,1,6,5,-,3,6,10,8,9,8,6,72,1,4,6,6,8,4,6,7,10,7,7,6
대구,달성군,사망자수,6,0,0,0,1,0,1,1,0,1,2,0,0,3,0,2,0,0,0,0,0,1,0,0,0,0,3,2,0,1,0,-,0,0,0,0,0,0,0,4,0,1,0,0,1,1,0,1,0,0,0,0
대구,달성군,부상자수,109,10,8,9,12,16,9,10,10,10,4,3,8,113,14,16,10,9,7,9,6,12,7,9,10,4,113,17,1,10,6,-,4,8,17,9,25,9,7,103,2,4,7,6,16,3,13,12,12,8,9,11
인천,합계,사고건수,"1,000",89,77,85,85,90,58,85,76,82,74,83,116,938,91,100,74,92,85,78,85,62,61,73,62,75,770,46,49,49,77,71,56,49,63,80,73,82,75,879,44,87,71,61,81,73,91,86,86,68,70,61
인천,합계,사망자수,8,2,1,0,0,2,0,0,1,2,0,0,0,4,0,0,0,1,0,0,1,0,0,1,0,1,9,2,0,0,0,1,0,1,3,0,2,0,0,8,0,0,0,1,1,1,0,1,2,0,1,1
인천,합계,부상자수,"1,783",166,126,159,142,152,129,150,126,140,128,161,204,"1,630",157,188,149,153,144,130,137,119,111,121,96,125,"1,273",64,98,97,133,112,88,67,105,123,124,138,124,"1,476",73,138,115,115,151,126,137,151,129,116,126,99
인천,중구,사고건수,29,8,2,1,-,2,4,3,-,4,3,-,2,60,5,5,2,7,9,3,7,4,3,5,5,5,64,7,3,4,4,5,9,3,5,8,5,6,5,49,2,3,5,2,2,7,6,1,6,4,7,4
인천,중구,사망자수,0,0,0,0,-,0,0,0,-,0,0,-,0,1,0,0,0,0,0,0,0,0,0,0,0,1,0,0,0,0,0,0,0,0,0,0,0,0,0,1,0,0,0,0,0,0,0,0,1,0,0,0
인천,중구,부상자수,55,19,3,2,-,4,4,8,-,5,7,-,3,93,7,5,4,8,15,8,9,8,4,9,8,8,112,13,4,5,6,8,14,6,8,16,9,11,12,83,3,5,6,2,9,15,9,3,7,6,9,9
인천,동구,사고건수,21,2,2,2,1,1,1,-,2,2,2,3,3,14,1,1,-,-,1,1,3,-,2,1,2,2,10,-,-,-,2,-,2,1,1,1,2,-,1,12,1,-,-,-,1,1,2,1,1,1,3,1
인천,동구,사망자수,0,0,0,0,0,0,0,-,0,0,0,0,0,0,0,0,-,-,0,0,0,-,0,0,0,0,0,-,-,-,0,-,0,0,0,0,0,-,0,2,0,-,-,-,0,0,0,0,0,0,1,1
인천,동구,부상자수,39,2,3,3,3,1,2,-,9,4,4,5,3,27,2,4,-,-,1,1,4,-,6,1,6,2,18,-,-,-,2,-,7,1,1,1,2,-,4,20,1,-,-,-,2,1,3,3,2,1,6,1
인천,미추홀구,사고건수,145,16,9,14,9,15,10,8,10,11,8,16,19,136,15,15,10,18,11,16,14,8,12,8,4,5,101,7,5,6,11,12,3,5,12,13,5,10,12,124,4,9,12,9,12,10,8,19,12,10,10,9
인천,미추홀구,사망자수,1,0,0,0,0,1,0,0,0,0,0,0,0,0,0,0,0,0,0,0,0,0,0,0,0,0,3,1,0,0,0,0,0,0,2,0,0,0,0,1,0,0,0,0,0,0,0,1,0,0,0,0
인천,미추홀구,부상자수,259,30,17,31,13,25,23,17,18,18,10,26,31,230,35,26,19,23,18,28,28,12,18,10,4,9,196,9,15,12,25,23,7,6,27,25,10,18,19,216,6,14,18,26,24,15,8,32,13,14,25,21
인천,부평구,사고건수,168,15,11,13,18,14,7,16,18,13,12,11,20,161,18,21,14,13,11,10,13,10,9,12,16,14,120,6,7,9,10,11,11,12,8,11,9,17,9,146,8,13,16,14,11,12,12,13,10,12,12,13
인천,부평구,사망자수,2,0,0,0,0,0,0,0,0,2,0,0,0,1,0,0,0,0,0,0,0,0,0,1,0,0,1,0,0,0,0,0,0,1,0,0,0,0,0,0,0,0,0,0,0,0,0,0,0,0,0,0
인천,부평구,부상자수,290,26,24,24,28,22,11,22,30,20,21,27,35,323,29,48,41,25,22,19,21,20,14,26,29,29,188,7,10,22,15,17,15,13,13,15,19,28,14,240,12,18,29,25,23,22,14,21,16,20,24,16
인천,남동구,사고건수,236,19,14,23,18,24,12,15,12,21,23,27,28,199,15,21,19,18,20,20,13,10,15,17,10,21,158,13,14,8,17,13,12,10,13,14,19,13,12,197,8,25,10,12,22,13,21,24,19,15,12,16
인천,남동구,사망자수,2,0,0,0,0,1,0,0,1,0,0,0,0,0,0,0,0,0,0,0,0,0,0,0,0,0,3,1,0,0,0,0,0,0,1,0,1,0,0,0,0,0,0,0,0,0,0,0,0,0,0,0
인천,남동구,부상자수,448,43,19,40,38,45,29,27,15,41,46,51,54,325,26,32,30,30,33,38,18,15,28,31,14,30,256,19,30,17,26,20,17,13,18,21,35,19,21,349,12,34,16,26,39,27,36,40,35,39,20,25
인천,서구,사고건수,180,13,23,14,17,11,8,21,22,10,8,15,18,149,15,18,11,12,11,14,18,8,8,12,8,14,152,7,9,7,14,17,12,6,14,17,17,17,15,151,11,13,11,7,15,14,16,13,16,11,11,13
인천,서구,사망자수,3,2,1,0,0,0,0,0,0,0,0,0,0,1,0,0,0,0,0,0,1,0,0,0,0,0,0,0,0,0,0,0,0,0,0,0,0,0,0,2,0,0,0,0,0,1,0,0,1,0,0,0
인천,서구,부상자수,289,20,37,27,25,16,15,31,36,17,9,29,27,241,23,29,19,20,17,17,28,20,16,19,11,22,248,8,20,10,23,29,18,15,22,24,25,32,22,252,22,24,18,10,28,21,29,23,24,14,19,20
인천,연수구,사고건수,82,5,7,12,9,5,8,7,5,9,3,2,10,107,12,11,7,13,12,4,10,6,9,9,8,6,83,2,2,7,10,7,2,3,7,11,9,11,12,93,4,12,4,7,7,11,12,7,12,6,10,1
인천,연수구,사망자수,0,0,0,0,0,0,0,0,0,0,0,0,0,0,0,0,0,0,0,0,0,0,0,0,0,0,1,0,0,0,0,1,0,0,0,0,0,0,0,1,0,0,0,1,0,0,0,0,0,0,0,0
인천,연수구,부상자수,154,7,9,20,14,9,27,13,10,15,6,5,19,201,20,22,19,25,22,5,17,15,20,11,9,16,129,3,3,17,18,8,2,3,13,16,13,16,17,145,7,22,5,10,10,17,21,8,18,8,17,2
인천,계양구,사고건수,106,11,8,4,12,13,6,10,5,7,10,7,13,87,9,7,8,9,8,7,2,14,3,7,7,6,63,4,7,5,7,6,4,8,2,4,1,7,8,77,4,9,9,6,6,3,13,4,9,6,4,4
인천,계양구,사망자수,0,0,0,0,0,0,0,0,0,0,0,0,0,0,0,0,0,0,0,0,0,0,0,0,0,0,0,0,0,0,0,0,0,0,0,0,0,0,0,0,0,0,0,0,0,0,0,0,0,0,0,0
인천,계양구,부상자수,176,19,11,10,19,18,12,15,6,11,17,13,25,149,14,21,12,20,12,10,4,22,5,11,12,6,99,5,14,9,13,7,6,9,2,4,4,12,14,128,8,18,16,12,10,4,16,13,12,9,5,5
인천,강화군,사고건수,25,-,-,1,1,5,-,4,2,5,4,2,1,13,1,1,-,1,1,2,3,2,-,-,1,1,12,-,-,2,1,-,1,-,1,1,4,1,1,21,1,2,4,4,3,1,1,3,1,1,-,-
인천,강화군,사망자수,0,-,-,0,0,0,-,0,0,0,0,0,0,1,0,0,-,1,0,0,0,0,-,-,0,0,0,-,-,0,0,-,0,-,0,0,0,0,0,0,0,0,0,0,0,0,0,0,0,0,-,-
인천,강화군,부상자수,47,-,-,1,2,12,-,6,2,9,7,5,3,21,1,1,-,1,1,2,5,7,-,-,1,2,20,-,-,4,4,-,2,-,1,1,5,2,1,34,1,2,7,4,5,3,1,7,2,2,-,-
인천,옹진군,사고건수,8,-,1,1,-,-,2,1,-,-,1,-,2,12,-,-,3,1,1,1,2,-,-,2,1,1,7,-,2,1,1,-,-,1,-,-,2,-,-,9,1,1,-,-,2,1,-,1,-,2,1,-
인천,옹진군,사망자수,0,-,0,0,-,-,0,0,-,-,0,-,0,0,-,-,0,0,0,0,0,-,-,0,0,0,1,-,0,0,0,-,-,0,-,-,1,-,-,1,0,0,-,-,1,0,-,0,-,0,0,-
인천,옹진군,부상자수,26,-,3,1,-,-,6,11,-,-,1,-,4,20,-,-,5,1,3,2,3,-,-,3,2,1,7,-,2,1,1,-,-,1,-,-,2,-,-,9,1,1,-,-,1,1,-,1,-,3,1,-
광주,합계,사고건수,688,66,66,69,48,63,55,44,59,50,57,49,62,675,56,48,64,75,62,51,49,45,64,60,47,54,549,37,29,36,56,65,36,37,45,50,52,47,59,609,39,61,58,66,46,53,48,42,56,53,30,57
광주,합계,사망자수,10,1,1,2,1,1,0,0,2,0,2,0,0,4,1,0,0,2,0,1,0,0,0,0,0,0,5,0,0,1,0,0,2,1,1,0,0,0,0,9,0,1,5,2,0,0,0,0,0,1,0,0
광주,합계,부상자수,"1,240",140,130,126,90,108,89,85,101,94,106,79,92,"1,301",119,98,130,138,103,103,91,97,127,106,78,111,"1,007",69,57,65,106,111,66,68,82,90,94,90,109,"1,083",74,104,104,104,100,87,82,75,94,104,54,101
광주,동구,사고건수,38,3,2,2,4,8,3,3,4,-,5,2,2,39,2,2,6,4,1,5,2,1,5,4,3,4,34,3,5,1,2,4,6,5,2,2,2,1,1,32,1,3,2,5,4,2,2,2,5,2,2,2
광주,동구,사망자수,0,0,0,0,0,0,0,0,0,-,0,0,0,0,0,0,0,0,0,0,0,0,0,0,0,0,1,0,0,0,0,0,0,1,0,0,0,0,0,0,0,0,0,0,0,0,0,0,0,0,0,0
광주,동구,부상자수,69,5,4,4,5,17,3,7,5,-,12,5,2,65,3,3,8,9,1,12,2,1,6,4,6,10,56,3,11,2,3,7,11,6,2,2,5,2,2,56,2,7,6,6,7,2,2,3,8,4,3,6
광주,서구,사고건수,205,21,26,20,10,13,16,10,21,17,20,8,23,175,17,23,16,14,20,9,13,9,9,18,15,12,148,7,5,15,15,21,7,4,17,15,11,14,17,160,15,12,18,16,7,16,15,9,20,15,6,11
광주,서구,사망자수,2,0,0,0,0,0,0,0,1,0,1,0,0,0,0,0,0,0,0,0,0,0,0,0,0,0,1,0,0,0,0,0,0,0,1,0,0,0,0,1,0,1,0,0,0,0,0,0,0,0,0,0
광주,서구,부상자수,388,44,56,38,28,18,23,20,39,36,37,12,37,347,32,52,39,28,30,14,20,33,18,33,23,25,286,17,16,25,31,36,16,4,32,28,16,34,31,279,28,22,38,25,13,23,27,17,34,28,6,18
광주,북구,사고건수,211,18,19,23,16,16,14,17,20,14,17,16,21,205,11,7,18,29,25,17,16,13,22,20,15,12,151,13,10,8,16,15,11,8,9,15,15,12,19,164,9,19,13,19,15,15,10,11,14,13,11,15
광주,북구,사망자수,3,0,1,0,0,0,0,0,1,0,1,0,0,2,0,0,0,1,0,1,0,0,0,0,0,0,1,0,0,0,0,0,1,0,0,0,0,0,0,7,0,0,5,1,0,0,0,0,0,1,0,0
광주,북구,부상자수,350,41,35,44,21,24,23,28,34,24,25,25,26,389,21,9,32,56,45,37,34,21,48,40,24,22,272,22,12,15,36,23,17,14,21,29,30,21,32,297,20,37,20,34,27,30,18,15,25,22,23,26
광주,광산구,사고건수,178,17,15,19,12,20,18,11,11,14,11,18,12,195,16,13,22,23,10,14,13,18,22,14,11,19,159,11,8,12,15,22,9,11,10,13,18,14,16,194,12,20,19,18,16,14,17,17,14,18,7,22
광주,광산구,사망자수,4,0,0,2,1,1,0,0,0,0,0,0,0,1,0,0,0,1,0,0,0,0,0,0,0,0,2,0,0,1,0,0,1,0,0,0,0,0,0,0,0,0,0,0,0,0,0,0,0,0,0,0
광주,광산구,부상자수,321,27,28,33,24,34,35,24,18,26,22,29,21,388,48,30,46,39,18,27,23,32,41,23,21,40,294,24,17,23,27,37,17,18,17,23,31,24,36,346,18,24,32,30,47,22,30,33,21,34,15,40
광주,남구,사고건수,56,7,4,5,6,6,4,3,3,5,4,5,4,61,10,3,2,5,6,6,5,4,6,4,3,7,57,3,1,-,8,3,3,9,7,5,6,6,6,59,2,7,6,8,4,6,4,3,3,5,4,7
광주,남구,사망자수,1,1,0,0,0,0,0,0,0,0,0,0,0,1,1,0,0,0,0,0,0,0,0,0,0,0,0,0,0,-,0,0,0,0,0,0,0,0,0,1,0,0,0,1,0,0,0,0,0,0,0,0
광주,남구,부상자수,112,23,7,7,12,15,5,6,5,8,10,8,6,112,15,4,5,6,9,13,12,10,14,6,4,14,99,3,1,-,9,8,5,26,10,8,12,9,8,105,6,14,8,9,6,10,5,7,6,16,7,11
대전,합계,사고건수,556,55,36,44,44,50,44,46,44,44,53,45,51,594,37,50,41,43,55,48,56,61,59,57,45,42,472,27,33,44,42,50,33,32,43,50,47,29,42,519,31,39,26,51,47,38,62,52,47,41,44,41
대전,합계,사망자수,11,2,1,3,0,3,0,0,0,1,1,0,0,10,1,0,1,2,0,1,0,1,2,1,0,1,3,0,2,0,0,0,0,0,1,0,0,0,0,7,0,1,0,0,1,0,3,1,1,0,0,0
대전,합계,부상자수,966,85,71,68,78,83,82,77,86,77,95,81,83,"1,092",58,102,67,81,88,80,115,134,117,95,79,76,844,53,61,81,73,79,56,56,84,89,83,58,71,871,50,63,38,97,86,63,99,91,79,66,75,64
대전,동구,사고건수,58,6,8,3,2,7,4,4,5,6,7,2,4,67,4,2,8,10,6,4,6,6,8,5,4,4,48,4,8,3,3,1,5,4,1,5,9,2,3,70,8,8,5,10,6,3,6,3,8,4,5,4
대전,동구,사망자수,3,0,1,0,0,1,0,0,0,1,0,0,0,0,0,0,0,0,0,0,0,0,0,0,0,0,0,0,0,0,0,0,0,0,0,0,0,0,0,1,0,0,0,0,0,0,0,0,1,0,0,0
대전,동구,부상자수,100,13,15,5,5,12,5,5,8,8,16,3,5,114,6,5,13,19,9,9,9,13,14,7,5,5,87,5,18,10,3,1,6,7,1,11,15,3,7,117,12,13,7,18,10,6,11,5,14,5,9,7
대전,중구,사고건수,87,8,2,7,9,7,6,7,12,11,7,6,5,97,6,9,7,8,10,8,11,11,7,6,10,4,72,3,5,3,5,14,4,4,10,6,7,4,7,93,8,7,3,10,11,7,9,7,7,8,9,7
대전,중구,사망자수,2,0,0,0,0,2,0,0,0,0,0,0,0,1,0,0,0,1,0,0,0,0,0,0,0,0,0,0,0,0,0,0,0,0,0,0,0,0,0,0,0,0,0,0,0,0,0,0,0,0,0,0
대전,중구,부상자수,160,11,7,15,21,10,10,15,30,17,9,7,8,189,10,19,10,21,19,9,16,26,26,13,16,4,126,4,7,4,7,27,4,8,22,10,15,5,13,138,13,11,3,17,22,7,16,7,9,10,12,11
대전,서구,사고건수,221,25,8,16,15,24,20,21,15,13,21,23,20,220,15,22,14,12,23,12,21,24,17,24,18,18,184,8,13,17,22,15,15,11,18,20,17,10,18,189,6,14,9,13,17,12,29,21,19,15,16,18
대전,서구,사망자수,1,0,0,1,0,0,0,0,0,0,0,0,0,6,0,0,0,1,0,1,0,1,1,1,0,1,1,0,1,0,0,0,0,0,0,0,0,0,0,4,0,0,0,0,1,0,2,1,0,0,0,0
대전,서구,부상자수,379,35,17,27,26,42,42,33,28,20,36,37,36,397,26,41,29,18,31,21,54,36,32,41,30,38,342,20,26,31,46,17,30,17,32,44,32,16,31,326,8,24,12,27,30,21,47,32,36,33,26,30
대전,유성구,사고건수,137,11,11,14,11,8,12,9,9,10,14,12,16,159,11,13,10,7,12,17,12,14,18,21,10,14,117,5,5,15,8,12,7,8,10,16,11,11,9,117,5,8,5,15,7,12,14,12,10,9,12,8
대전,유성구,사망자수,3,1,0,1,0,0,0,0,0,0,1,0,0,3,1,0,1,0,0,0,0,0,1,0,0,0,1,0,1,0,0,0,0,0,0,0,0,0,0,1,0,1,0,0,0,0,0,0,0,0,0,0
대전,유성구,부상자수,226,18,16,16,15,11,23,13,14,26,28,22,24,303,14,31,12,12,23,26,29,42,30,33,24,27,206,12,7,23,10,18,14,15,23,21,17,32,14,205,10,13,11,32,13,21,20,25,14,11,24,11
대전,대덕구,사고건수,53,5,7,4,7,4,2,5,3,4,4,2,6,51,1,4,2,6,4,7,6,6,9,1,3,2,51,7,2,6,4,8,2,5,4,3,3,2,5,50,4,2,4,3,6,4,4,9,3,5,2,4
대전,대덕구,사망자수,2,1,0,1,0,0,0,0,0,0,0,0,0,0,0,0,0,0,0,0,0,0,0,0,0,0,1,0,0,0,0,0,0,0,1,0,0,0,0,1,0,0,0,0,0,0,1,0,0,0,0,0
대전,대덕구,부상자수,101,8,16,5,11,8,2,11,6,6,6,12,10,89,2,6,3,11,6,15,7,17,15,1,4,2,83,12,3,13,7,16,2,9,6,3,4,2,6,85,7,2,5,3,11,8,5,22,6,7,4,5
울산,합계,사고건수,523,47,48,45,45,49,35,36,43,42,35,48,50,567,46,40,55,55,49,59,43,51,45,46,38,40,373,20,26,29,22,32,37,29,32,36,34,42,34,433,28,25,35,53,34,32,38,41,36,38,42,31
울산,합계,사망자수,8,0,2,0,0,0,2,0,1,2,0,1,0,14,3,0,4,1,2,1,0,2,1,0,0,0,4,0,0,0,0,0,1,0,0,1,1,1,0,5,1,0,0,1,0,1,0,1,1,0,0,0
울산,합계,부상자수,857,93,87,89,78,74,52,51,60,60,51,77,85,913,68,75,80,102,83,75,72,68,73,72,75,70,594,30,39,39,36,48,71,49,47,61,51,68,55,692,38,43,62,81,53,46,66,65,57,60,66,55
울산,중구,사고건수,120,11,11,8,7,16,6,7,13,9,10,9,13,95,8,2,8,10,8,12,8,8,7,12,6,6,64,1,4,4,4,8,9,4,6,7,2,10,5,63,2,4,6,8,4,2,2,10,9,6,6,4
울산,중구,사망자수,0,0,0,0,0,0,0,0,0,0,0,0,0,1,0,0,0,1,0,0,0,0,0,0,0,0,0,0,0,0,0,0,0,0,0,0,0,0,0,2,0,0,0,0,0,0,0,1,1,0,0,0
울산,중구,부상자수,199,29,16,22,11,25,10,10,14,12,15,15,20,164,13,2,12,31,17,17,11,9,12,18,13,9,101,3,7,5,6,13,13,5,8,15,4,14,8,97,4,6,13,10,6,3,2,16,10,11,9,7
울산,남구,사고건수,171,15,14,16,14,15,12,16,13,10,11,17,18,178,16,14,14,15,13,20,16,15,17,17,9,12,107,6,5,11,5,6,8,10,11,9,13,12,11,145,12,10,14,8,8,12,15,14,8,14,17,13
울산,남구,사망자수,1,0,1,0,0,0,0,0,0,0,0,0,0,5,1,0,1,0,1,0,0,1,1,0,0,0,1,0,0,0,0,0,0,0,0,0,0,1,0,0,0,0,0,0,0,0,0,0,0,0,0,0
울산,남구,부상자수,309,29,35,30,32,23,23,24,20,15,16,29,33,284,21,27,17,24,22,26,28,18,31,30,18,22,175,8,6,16,9,8,16,23,16,16,18,21,18,247,17,14,26,14,15,19,28,19,23,19,30,23
울산,동구,사고건수,50,6,6,3,3,1,2,3,6,6,5,5,4,64,5,6,13,7,4,7,2,7,3,1,4,5,47,4,5,1,3,3,5,3,3,3,6,2,9,64,3,2,3,13,6,8,6,5,4,5,6,3
울산,동구,사망자수,3,0,0,0,0,0,0,0,1,1,0,1,0,1,0,0,1,0,0,0,0,0,0,0,0,0,0,0,0,0,0,0,0,0,0,0,0,0,0,2,0,0,0,1,0,1,0,0,0,0,0,0
울산,동구,부상자수,75,9,10,5,7,1,2,3,9,9,7,4,9,102,9,15,17,8,7,10,2,7,7,1,9,10,66,5,5,1,4,3,7,3,5,6,11,2,14,81,3,3,3,17,8,8,7,7,4,9,8,4
울산,북구,사고건수,93,7,12,10,12,6,5,7,5,8,6,8,7,127,11,3,11,10,15,12,10,14,10,11,11,9,71,3,8,6,5,5,7,5,6,7,7,7,5,89,7,8,4,20,7,6,7,5,7,5,8,5
울산,북구,사망자수,0,0,0,0,0,0,0,0,0,0,0,0,0,5,0,0,2,0,1,1,0,1,0,0,0,0,1,0,0,0,0,0,0,0,0,1,0,0,0,1,1,0,0,0,0,0,0,0,0,0,0,0
울산,북구,부상자수,146,11,19,22,16,14,8,9,6,10,8,11,12,200,17,5,18,19,21,14,18,23,13,16,21,15,116,3,17,8,7,8,21,8,9,9,10,9,7,148,9,19,8,33,10,11,11,9,8,8,13,9
울산,울주군,사고건수,89,8,5,8,9,11,10,3,6,9,3,9,8,103,6,15,9,13,9,8,7,7,8,5,8,8,84,6,4,7,5,10,8,7,6,10,6,11,4,72,4,1,8,4,9,4,8,7,8,8,5,6
울산,울주군,사망자수,4,0,1,0,0,0,2,0,0,1,0,0,0,2,2,0,0,0,0,0,0,0,0,0,0,0,2,0,0,0,0,0,1,0,0,0,1,0,0,0,0,0,0,0,0,0,0,0,0,0,0,0
울산,울주군,부상자수,128,15,7,10,12,11,9,5,11,14,5,18,11,163,8,26,16,20,16,8,13,11,10,7,14,14,136,11,4,9,10,16,14,10,9,15,8,22,8,119,5,1,12,7,14,5,18,14,12,13,6,12
세종,합계,사고건수,89,8,5,7,8,5,6,5,9,10,9,10,7,98,4,8,12,17,9,14,8,6,5,6,3,6,89,4,9,6,6,9,10,6,7,6,10,4,12,72,2,6,10,6,5,3,4,8,10,6,5,7
세종,합계,사망자수,1,0,0,0,0,0,0,0,0,0,1,0,0,0,0,0,0,0,0,0,0,0,0,0,0,0,1,0,0,0,0,0,0,0,0,0,1,0,0,0,0,0,0,0,0,0,0,0,0,0,0,0
세종,합계,부상자수,134,13,5,9,12,8,8,5,12,17,22,15,8,158,6,15,19,23,16,21,10,19,7,9,4,9,155,6,11,10,21,14,14,14,10,8,11,7,29,111,6,7,11,8,5,6,10,11,18,11,8,10
세종,세종시,사고건수,89,8,5,7,8,5,6,5,9,10,9,10,7,98,4,8,12,17,9,14,8,6,5,6,3,6,89,4,9,6,6,9,10,6,7,6,10,4,12,72,2,6,10,6,5,3,4,8,10,6,5,7
세종,세종시,사망자수,1,0,0,0,0,0,0,0,0,0,1,0,0,0,0,0,0,0,0,0,0,0,0,0,0,0,1,0,0,0,0,0,0,0,0,0,1,0,0,0,0,0,0,0,0,0,0,0,0,0,0,0
세종,세종시,부상자수,134,13,5,9,12,8,8,5,12,17,22,15,8,158,6,15,19,23,16,21,10,19,7,9,4,9,155,6,11,10,21,14,14,14,10,8,11,7,29,111,6,7,11,8,5,6,10,11,18,11,8,10
경기,합계,사고건수,"5,020",452,347,392,406,361,369,448,422,422,399,463,539,"5,090",486,485,418,480,413,372,435,402,428,407,375,389,"4,140",298,268,323,365,331,346,282,313,371,386,407,450,"4,495",320,388,375,394,415,333,434,412,373,362,364,325
경기,합계,사망자수,115,8,3,15,11,9,11,22,3,14,6,6,7,62,6,8,4,4,6,4,0,7,7,7,1,8,71,4,9,10,5,4,7,8,1,2,9,5,7,73,7,10,9,4,6,6,5,12,2,6,4,2
경기,합계,부상자수,"8,681",805,608,624,683,573,649,792,724,698,699,866,960,"8,723",827,845,729,829,739,622,747,662,736,686,645,656,"6,957",481,490,577,587,573,546,474,492,636,678,682,741,"7,359",499,668,608,638,686,537,704,695,619,618,578,509
경기,수원시,사고건수,461,44,38,32,27,38,22,55,26,32,41,46,60,543,48,63,47,52,46,39,45,40,56,32,45,30,376,29,28,28,33,32,32,27,23,37,30,34,43,361,24,38,31,32,33,30,36,30,26,30,25,26
경기,수원시,사망자수,5,0,0,0,1,0,0,1,0,1,0,1,1,0,0,0,0,0,0,0,0,0,0,0,0,0,1,0,0,0,1,0,0,0,0,0,0,0,0,5,0,1,1,0,0,0,0,1,0,2,0,0
경기,수원시,부상자수,800,81,53,62,42,63,41,97,48,55,75,81,102,921,84,95,79,84,82,72,73,58,103,59,80,52,632,39,53,44,49,51,47,48,38,67,58,72,66,596,34,64,55,57,58,47,56,54,46,48,39,38
경기,성남시,사고건수,362,41,23,29,21,18,34,35,27,24,26,46,38,330,38,33,19,34,27,20,29,29,23,28,26,24,252,17,17,16,21,28,19,18,22,22,23,17,32,310,19,30,26,25,25,24,25,26,31,27,27,25
경기,성남시,사망자수,7,0,0,0,0,0,3,3,0,0,0,1,0,3,1,0,0,1,0,0,0,0,1,0,0,0,7,1,0,1,1,1,0,0,0,0,1,1,1,2,0,0,0,0,1,0,0,0,0,1,0,0
경기,성남시,부상자수,637,62,36,51,43,22,59,59,48,45,48,100,64,554,62,61,36,56,42,27,45,48,32,50,55,40,407,24,36,33,29,55,29,28,32,36,36,22,47,483,24,42,35,37,41,38,48,42,45,42,48,41
경기,의정부시,사고건수,132,8,14,11,13,8,15,10,6,11,12,10,14,155,21,15,10,16,14,12,8,6,13,14,14,12,112,11,10,3,8,8,6,7,11,10,9,12,17,139,8,15,6,10,15,8,11,16,15,13,12,10
경기,의정부시,사망자수,5,1,0,2,0,1,0,0,0,0,1,0,0,1,0,0,0,0,0,0,0,0,0,0,0,1,2,0,0,1,0,0,0,1,0,0,0,0,0,4,0,2,0,0,0,0,0,1,1,0,0,0
경기,의정부시,부상자수,218,9,23,14,18,8,31,17,10,15,25,26,22,259,41,21,16,20,29,18,18,14,22,21,19,20,182,15,13,6,13,12,15,10,20,16,15,23,24,262,14,34,9,15,30,17,19,24,26,29,29,16
경기,안양시,사고건수,196,20,14,14,19,17,8,14,23,14,12,16,25,175,19,19,12,22,10,15,14,12,15,16,13,8,106,7,7,10,9,8,10,6,6,8,11,16,8,142,11,10,13,10,13,6,9,12,18,15,14,11
경기,안양시,사망자수,6,0,2,1,2,0,0,0,0,0,0,0,1,0,0,0,0,0,0,0,0,0,0,0,0,0,1,0,0,0,0,0,0,0,0,0,1,0,0,1,0,0,0,0,0,0,0,0,0,0,1,0
경기,안양시,부상자수,353,32,23,19,30,31,17,27,43,26,23,26,56,306,39,33,19,45,18,24,26,20,27,28,19,8,186,13,12,17,15,15,14,10,12,15,19,24,20,256,19,24,28,15,24,11,15,23,34,25,21,17
경기,부천시,사고건수,194,22,8,17,14,14,18,18,21,11,12,17,22,217,23,16,19,19,23,12,16,16,23,23,11,16,209,10,16,19,22,14,16,18,19,20,15,27,13,231,18,24,20,13,27,24,25,19,15,15,20,11
경기,부천시,사망자수,5,1,0,2,0,0,1,0,0,1,0,0,0,2,0,0,1,0,0,0,0,1,0,0,0,0,2,0,1,1,0,0,0,0,0,0,0,0,0,2,0,0,1,0,0,0,0,0,0,0,1,0
경기,부천시,부상자수,320,37,13,21,20,24,34,30,36,14,23,28,40,378,36,26,50,35,46,22,26,24,35,33,16,29,345,15,21,24,33,25,22,33,33,38,31,44,26,383,33,45,28,19,45,34,43,29,28,30,26,23
경기,안산시,사고건수,326,20,22,29,30,24,28,26,23,38,17,37,32,350,40,37,25,29,30,22,33,31,36,23,24,20,308,22,14,23,26,26,29,16,19,34,26,30,43,325,16,20,34,38,26,26,28,37,18,27,26,29
경기,안산시,사망자수,4,0,0,2,0,0,0,1,0,1,0,0,0,4,0,1,0,0,0,0,0,1,1,1,0,0,2,0,0,0,0,0,1,0,0,1,0,0,0,6,0,0,0,1,0,0,1,1,0,2,1,0
경기,안산시,부상자수,626,41,54,47,59,48,46,38,57,69,29,81,57,629,73,71,42,52,65,34,55,47,63,35,57,35,526,43,22,37,41,41,50,27,29,65,46,51,74,492,25,26,49,58,39,48,38,57,25,46,36,45
경기,평택시,사고건수,290,15,19,19,26,23,28,21,32,20,18,34,35,348,29,33,37,33,27,31,25,17,35,26,30,25,335,26,20,32,24,22,21,19,24,36,36,32,43,317,23,23,28,32,30,22,40,19,30,18,29,23
경기,평택시,사망자수,10,0,0,0,2,2,1,1,1,2,0,0,1,12,1,2,2,0,1,1,0,1,0,3,0,1,15,2,1,3,0,0,1,2,0,0,4,0,2,1,0,0,0,0,0,0,0,0,0,0,0,1
경기,평택시,부상자수,541,36,40,31,39,32,58,46,51,38,28,78,64,569,47,63,61,52,43,48,41,19,57,44,52,42,576,46,43,59,40,50,37,40,34,50,52,47,78,531,37,47,48,48,58,33,58,33,53,33,44,39
경기,광명시,사고건수,79,8,4,8,8,3,4,8,4,9,9,5,9,70,4,9,5,10,3,3,9,4,9,3,3,8,57,7,2,6,4,4,2,1,5,6,6,9,5,61,7,7,3,8,8,6,3,4,7,-,5,3
경기,광명시,사망자수,1,0,0,0,0,0,0,1,0,0,0,0,0,1,0,0,0,0,0,0,0,0,0,0,1,0,0,0,0,0,0,0,0,0,0,0,0,0,0,0,0,0,0,0,0,0,0,0,0,-,0,0
경기,광명시,부상자수,155,19,7,11,27,4,7,15,6,15,20,8,16,132,5,18,12,15,6,8,17,13,15,8,3,12,113,9,8,9,4,6,2,1,8,18,20,19,9,106,13,12,5,16,16,11,6,6,11,-,7,3
경기,구리시,사고건수,55,7,5,4,3,1,6,4,7,7,2,3,6,54,3,4,5,3,5,2,5,5,6,1,6,9,63,6,3,4,7,8,2,5,6,7,2,9,4,54,1,4,4,4,6,1,6,12,5,4,4,3
경기,구리시,사망자수,0,0,0,0,0,0,0,0,0,0,0,0,0,4,0,0,0,0,0,0,0,2,0,0,0,2,0,0,0,0,0,0,0,0,0,0,0,0,0,0,0,0,0,0,0,0,0,0,0,0,0,0
경기,구리시,부상자수,97,11,9,7,6,1,9,5,8,19,5,7,10,94,4,8,7,10,9,4,10,6,8,1,8,19,101,8,6,6,11,15,2,15,11,10,3,10,4,98,2,5,6,5,15,2,9,16,14,11,8,5
경기,양주시,사고건수,89,6,3,6,7,3,8,5,11,10,9,11,10,71,4,5,5,5,6,8,8,6,5,6,4,9,75,3,8,6,6,6,8,7,4,2,8,6,11,78,4,6,8,10,6,7,10,7,4,5,7,4
경기,양주시,사망자수,4,0,0,1,0,0,1,0,0,0,1,1,0,3,1,0,0,0,0,0,0,0,0,0,0,2,2,0,2,0,0,0,0,0,0,0,0,0,0,2,0,0,2,0,0,0,0,0,0,0,0,0
경기,양주시,부상자수,131,13,4,6,7,3,13,6,21,11,11,22,14,134,10,7,10,8,21,13,11,17,12,8,7,10,120,6,12,15,10,6,9,10,4,6,16,11,15,120,11,9,13,14,11,11,14,11,6,5,9,6
경기,여주시,사고건수,55,4,2,3,5,3,3,5,7,9,3,7,4,67,5,1,7,8,2,12,9,3,6,6,2,6,50,1,5,5,3,3,7,5,5,2,2,6,6,52,1,4,8,5,2,4,6,7,5,4,3,3
경기,여주시,사망자수,4,0,0,1,0,1,0,1,1,0,0,0,0,5,0,0,1,1,0,1,0,0,1,0,0,1,4,0,1,0,1,1,1,0,0,0,0,0,0,2,0,0,0,0,0,0,0,2,0,0,0,0
경기,여주시,부상자수,97,11,3,4,8,4,3,7,7,17,3,14,16,100,6,2,9,16,3,18,13,5,8,10,3,7,71,2,4,12,4,5,10,6,5,3,4,9,7,94,1,14,21,12,2,7,7,6,10,5,5,4
경기,화성시,사고건수,343,32,26,33,29,27,17,29,31,29,34,17,39,327,20,32,29,31,20,24,33,34,34,18,16,36,272,25,20,27,26,11,26,18,15,25,23,25,31,305,27,26,18,26,28,16,27,21,30,23,29,34
경기,화성시,사망자수,12,3,0,1,3,0,1,2,0,1,0,0,1,6,1,0,0,1,1,0,0,1,1,1,0,0,3,0,1,0,0,0,0,0,0,0,0,1,1,6,0,1,3,0,0,0,0,1,1,0,0,0
경기,화성시,부상자수,601,51,49,44,44,55,36,61,56,44,59,35,67,550,33,46,51,66,31,38,43,51,56,48,22,65,490,53,37,50,50,30,43,35,24,49,36,34,49,474,43,40,31,38,42,23,45,33,50,36,45,48
경기,시흥시,사고건수,247,24,21,21,21,16,16,21,20,9,22,24,32,234,24,24,15,16,23,17,24,18,10,20,18,25,205,13,16,14,19,18,19,13,19,13,18,20,23,197,18,13,16,19,18,16,13,16,19,14,21,14
경기,시흥시,사망자수,1,0,0,0,0,0,0,0,0,0,0,0,1,1,0,0,0,0,0,0,0,0,0,1,0,0,4,0,1,0,0,0,0,2,0,0,0,0,1,3,0,0,0,0,0,1,0,1,0,1,0,0
경기,시흥시,부상자수,428,37,35,32,30,26,24,40,36,18,39,57,54,389,36,45,21,24,41,27,47,24,13,29,33,49,350,18,25,20,37,35,35,26,26,25,30,29,44,324,24,19,32,34,23,29,22,32,27,19,34,29
경기,파주시,사고건수,187,23,8,12,17,13,14,12,20,18,14,20,16,170,19,24,16,10,12,14,20,8,7,16,12,12,127,11,10,13,10,10,8,8,10,10,12,12,13,131,9,18,8,14,11,12,10,8,5,15,13,8
경기,파주시,사망자수,6,0,0,1,0,2,1,0,0,0,1,1,0,0,0,0,0,0,0,0,0,0,0,0,0,0,1,0,0,1,0,0,0,0,0,0,0,0,0,2,0,1,0,0,0,1,0,0,0,0,0,0
경기,파주시,부상자수,303,42,12,17,26,17,18,31,35,30,16,29,30,282,31,40,36,12,20,19,36,9,13,24,19,23,204,15,17,19,19,17,11,13,12,21,17,25,18,201,13,24,12,17,19,19,17,10,10,25,24,11
경기,고양시,사고건수,366,48,26,33,33,29,26,38,21,29,24,30,29,375,43,44,36,42,28,23,26,24,25,33,23,28,268,19,18,22,36,21,19,12,23,13,28,35,22,318,29,34,35,24,29,22,28,23,23,31,14,26
경기,고양시,사망자수,3,1,0,1,0,0,0,0,0,0,0,0,1,0,0,0,0,0,0,0,0,0,0,0,0,0,3,0,1,0,0,1,0,0,0,0,0,1,0,5,0,1,0,1,2,1,0,0,0,0,0,0
경기,고양시,부상자수,668,90,53,51,68,51,49,65,37,48,47,49,60,666,67,81,71,79,47,43,49,45,38,58,43,45,472,36,43,44,65,36,28,18,41,16,49,59,37,516,47,57,58,34,33,43,47,44,34,56,21,42
경기,광주시,사고건수,160,11,11,10,15,16,16,9,17,11,13,14,17,187,16,15,15,15,9,12,12,18,17,23,20,15,142,7,8,9,11,11,17,13,16,11,18,6,15,172,10,12,18,15,18,15,16,16,14,18,11,9
경기,광주시,사망자수,4,0,0,0,0,0,1,1,1,0,0,0,1,1,0,0,0,0,0,0,0,0,1,0,0,0,1,1,0,0,0,0,0,0,0,0,0,0,0,1,0,0,1,0,0,0,0,0,0,0,0,0
경기,광주시,부상자수,257,16,17,19,24,26,26,19,20,20,27,18,25,334,38,29,22,20,13,17,18,44,28,38,35,32,230,10,21,14,12,18,24,18,27,18,32,11,25,258,15,20,28,23,26,18,23,28,22,31,15,9
경기,연천군,사고건수,20,1,1,2,1,2,1,3,1,2,2,2,2,17,3,-,4,1,-,2,2,3,-,1,1,-,18,1,1,-,2,-,-,2,3,1,3,4,1,10,4,3,-,-,1,-,-,-,1,-,1,-
경기,연천군,사망자수,0,0,0,0,0,0,0,0,0,0,0,0,0,0,0,-,0,0,-,0,0,0,-,0,0,-,0,0,0,-,0,-,-,0,0,0,0,0,0,2,1,0,-,-,0,-,-,-,0,-,1,-
경기,연천군,부상자수,33,2,2,3,2,5,1,4,1,4,3,2,4,34,4,-,5,1,-,6,5,8,-,3,2,-,39,1,2,-,3,-,-,3,4,1,6,17,2,10,5,3,-,-,1,-,-,-,1,-,0,-
경기,포천시,사고건수,106,6,3,5,12,10,11,11,10,9,12,5,12,73,11,4,5,5,7,5,4,8,4,7,7,6,75,5,3,7,4,7,6,6,5,6,7,10,9,76,8,3,7,3,4,10,7,12,7,4,4,7
경기,포천시,사망자수,8,0,0,0,3,1,0,2,0,1,1,0,0,1,1,0,0,0,0,0,0,0,0,0,0,0,2,0,0,1,0,0,0,0,0,0,0,0,1,9,0,3,1,0,0,1,0,4,0,0,0,0
경기,포천시,부상자수,187,13,4,6,20,16,14,16,21,13,29,11,24,134,17,5,10,6,15,10,9,14,9,14,13,12,133,6,6,9,11,14,8,13,10,8,16,19,13,123,14,4,10,7,7,15,10,15,13,7,10,11
경기,가평군,사고건수,34,4,3,-,3,4,2,4,3,3,5,2,1,38,2,4,2,6,5,1,6,4,3,4,1,-,32,1,2,1,3,5,4,3,4,3,2,2,2,30,2,1,1,3,2,3,3,5,4,1,5,-
경기,가평군,사망자수,0,0,0,-,0,0,0,0,0,0,0,0,0,3,0,1,0,0,2,0,0,0,0,0,0,-,0,0,0,0,0,0,0,0,0,0,0,0,0,0,0,0,0,0,0,0,0,0,0,0,0,-
경기,가평군,부상자수,57,9,6,-,5,5,4,6,4,4,10,3,1,71,6,5,3,9,7,1,8,11,10,9,2,-,61,1,3,5,5,8,6,4,14,3,3,4,5,42,2,1,1,5,4,4,4,8,4,2,7,-
경기,양평군,사고건수,58,3,2,4,9,3,1,8,4,9,3,7,5,51,3,1,5,4,4,3,3,5,7,7,8,1,42,1,2,3,1,3,5,5,5,3,4,8,2,34,2,4,3,3,1,1,4,2,4,4,4,2
경기,양평군,사망자수,5,1,0,0,0,0,0,2,0,2,0,0,0,2,0,0,0,0,0,0,0,0,1,0,0,1,1,0,0,0,0,0,0,0,0,0,0,1,0,1,1,0,0,0,0,0,0,0,0,0,0,0
경기,양평군,부상자수,93,3,7,5,14,3,1,15,6,12,10,9,8,82,3,1,6,7,6,4,3,8,19,8,16,1,61,3,4,4,1,5,11,8,5,6,4,8,2,70,1,11,8,9,3,2,5,3,9,8,8,3
경기,이천시,사고건수,124,10,10,14,12,7,6,10,18,10,11,8,8,108,14,4,9,6,4,13,5,9,12,8,15,9,95,5,3,2,9,3,5,7,4,13,14,14,16,91,2,11,7,7,8,8,10,10,7,7,11,3
경기,이천시,사망자수,2,0,0,1,0,0,0,1,0,0,0,0,0,1,0,0,0,0,0,0,0,0,1,0,0,0,1,0,0,0,0,0,0,0,0,0,0,1,0,3,0,0,0,0,0,0,3,0,0,0,0,0
경기,이천시,부상자수,216,18,25,25,19,10,8,18,33,17,14,18,11,190,25,7,15,10,5,27,5,19,17,17,28,15,159,8,3,2,14,5,12,10,7,27,20,22,29,178,3,27,12,14,15,10,14,22,15,18,23,5
경기,용인시,사고건수,335,21,35,22,26,26,28,35,17,38,24,25,38,327,24,32,31,45,23,25,27,28,22,22,17,31,264,21,13,22,20,28,27,18,25,20,27,15,28,288,24,28,18,28,30,15,29,33,22,20,20,21
경기,용인시,사망자수,5,0,0,2,0,0,0,1,0,2,0,0,0,5,0,2,0,1,2,0,0,0,0,0,0,0,9,0,1,2,0,1,1,1,1,0,1,0,1,1,1,0,0,0,0,0,0,0,0,0,0,0
경기,용인시,부상자수,537,41,55,30,36,36,44,62,27,55,37,40,74,554,41,69,49,81,35,41,46,44,45,26,27,50,445,29,23,45,35,43,45,24,41,28,66,21,45,510,47,54,26,61,46,30,54,58,34,34,33,33
경기,안성시,사고건수,92,8,5,10,8,11,6,8,5,6,7,15,3,97,9,8,5,12,10,10,3,6,11,10,7,6,87,10,6,7,7,7,5,8,4,9,11,8,5,92,7,6,11,5,9,7,10,17,1,7,6,6
경기,안성시,사망자수,3,0,0,0,0,1,0,1,0,0,1,0,0,3,1,1,0,0,0,1,0,0,0,0,0,0,3,0,0,0,1,0,0,0,0,1,1,0,0,3,1,0,0,0,0,0,1,1,0,0,0,0
경기,안성시,부상자수,152,16,8,21,12,10,16,10,9,11,13,22,4,166,12,15,8,26,17,15,8,8,16,18,15,8,147,18,11,22,8,10,8,16,5,12,16,16,5,129,6,7,17,8,10,9,11,32,1,15,7,6
경기,김포시,사고건수,177,11,8,15,11,14,10,23,17,20,20,15,13,136,10,12,7,11,17,9,10,17,10,11,11,11,144,14,5,9,19,9,12,9,10,17,12,13,15,156,13,8,14,17,15,8,17,18,13,9,8,16
경기,김포시,사망자수,4,0,0,0,0,1,1,1,0,0,0,1,0,2,0,1,0,0,0,0,0,0,0,1,0,0,2,0,0,0,0,0,0,2,0,0,0,0,0,8,3,1,0,1,2,1,0,0,0,0,0,0
경기,김포시,부상자수,288,21,12,21,15,23,18,45,25,31,35,26,16,222,13,21,12,19,33,14,17,27,16,17,13,20,223,21,9,15,28,16,15,12,17,24,18,19,29,249,18,12,17,29,20,11,30,41,20,12,12,27
경기,동두천시,사고건수,30,3,2,3,1,-,3,2,6,1,1,6,2,32,2,4,1,2,7,2,3,2,5,2,2,-,21,1,5,-,3,1,1,2,3,2,1,1,1,38,3,4,3,5,4,2,7,3,3,1,1,2
경기,동두천시,사망자수,0,0,0,0,0,-,0,0,0,0,0,0,0,1,0,0,0,0,0,0,0,1,0,0,0,-,0,0,0,-,0,0,0,0,0,0,0,0,0,0,0,0,0,0,0,0,0,0,0,0,0,0
경기,동두천시,부상자수,51,6,5,3,2,-,10,3,9,1,1,8,3,60,3,8,1,3,12,3,10,4,7,6,3,-,30,2,5,-,4,1,1,3,3,4,2,1,4,58,3,5,3,5,8,3,16,5,4,3,1,2
경기,과천시,사고건수,13,4,-,1,1,-,1,1,-,1,3,-,1,14,-,3,2,2,3,-,1,-,1,-,-,2,15,2,-,-,1,1,2,2,1,1,1,2,2,12,1,-,-,1,2,1,2,1,2,2,-,-
경기,과천시,사망자수,0,0,-,0,0,-,0,0,-,0,0,-,0,0,-,0,0,0,0,-,0,-,0,-,-,0,0,0,-,-,0,0,0,0,0,0,0,0,0,0,0,-,-,0,0,0,0,0,0,0,-,-
경기,과천시,부상자수,26,6,-,2,4,-,1,3,-,3,5,-,2,20,-,5,3,3,4,-,1,-,1,-,-,3,21,2,-,-,4,1,2,2,1,1,1,4,3,15,2,-,-,1,2,1,2,1,3,3,-,-
경기,군포시,사고건수,63,2,7,5,1,4,6,1,6,9,6,7,9,59,4,3,3,6,4,4,3,9,3,9,7,4,30,1,4,-,5,2,1,2,1,3,1,2,8,54,6,3,7,6,3,6,4,3,5,4,3,4
경기,군포시,사망자수,1,0,0,0,0,0,0,1,0,0,0,0,0,0,0,0,0,0,0,0,0,0,0,0,0,0,0,0,0,-,0,0,0,0,0,0,0,0,0,0,0,0,0,0,0,0,0,0,0,0,0,0
경기,군포시,부상자수,113,2,15,13,3,5,10,0,8,17,14,12,14,107,8,4,11,16,4,7,9,12,4,14,13,5,42,2,7,-,6,2,2,3,1,5,1,3,10,88,9,6,9,12,6,8,5,4,8,6,6,9
경기,남양주시,사고건수,206,25,14,14,17,6,17,21,21,12,18,16,25,212,15,12,18,19,19,19,28,22,17,15,13,15,164,14,8,17,11,15,17,11,11,16,17,13,14,215,10,17,14,14,25,14,26,19,21,20,23,12
경기,남양주시,사망자수,5,1,0,0,0,0,1,1,0,1,0,1,0,1,0,0,0,0,0,1,0,0,0,0,0,0,3,0,0,0,1,0,2,0,0,0,0,0,0,4,0,0,0,1,1,1,0,0,0,0,0,1
경기,남양주시,부상자수,319,34,21,23,33,7,25,30,33,16,23,23,51,372,25,27,25,31,39,40,56,33,32,24,19,21,278,22,15,35,18,23,28,16,16,29,25,30,21,353,15,33,25,22,49,22,39,30,37,29,33,19
경기,오산시,사고건수,107,7,5,8,9,6,5,7,10,13,9,11,17,133,20,9,15,10,6,6,18,11,4,16,9,9,89,4,4,11,7,10,10,6,2,11,7,10,7,89,5,9,3,9,9,10,6,8,6,11,8,5
경기,오산시,사망자수,1,0,0,0,0,0,0,1,0,0,0,0,0,0,0,0,0,0,0,0,0,0,0,0,0,0,0,0,0,0,0,0,0,0,0,0,0,0,0,0,0,0,0,0,0,0,0,0,0,0,0,0
경기,오산시,부상자수,190,18,7,17,17,15,12,12,18,17,13,20,24,222,37,12,24,15,11,11,35,16,4,27,11,19,142,7,10,22,8,17,14,9,2,17,12,16,8,139,5,12,5,14,13,18,12,17,8,16,10,9
경기,의왕시,사고건수,51,7,4,1,3,7,3,2,5,5,1,4,9,60,9,9,2,1,7,4,3,4,6,5,5,5,40,2,3,5,5,4,4,4,3,3,2,2,3,48,3,4,8,1,2,4,6,3,4,5,6,2
경기,의왕시,사망자수,0,0,0,0,0,0,0,0,0,0,0,0,0,0,0,0,0,0,0,0,0,0,0,0,0,0,1,0,0,0,0,0,1,0,0,0,0,0,0,0,0,0,0,0,0,0,0,0,0,0,0,0
경기,의왕시,부상자수,85,13,5,1,6,11,7,2,7,7,2,8,16,99,15,12,2,1,12,7,3,7,21,7,6,6,68,4,6,7,7,4,8,7,4,6,7,3,5,78,7,6,12,1,4,7,12,3,6,6,12,2
경기,하남시,사고건수,62,7,4,7,4,8,6,2,3,3,9,3,6,60,4,6,7,5,12,3,3,3,3,2,5,7,67,2,7,2,3,6,6,4,5,7,10,7,8,69,5,3,3,7,5,5,10,5,8,8,4,6
경기,하남시,사망자수,4,0,1,0,0,0,0,0,0,2,1,0,0,0,0,0,0,0,0,0,0,0,0,0,0,0,1,0,0,0,0,0,0,0,0,0,1,0,0,0,0,0,0,0,0,0,0,0,0,0,0,0
경기,하남시,부상자수,102,15,5,18,4,12,7,3,4,6,12,5,11,93,6,8,13,7,23,4,4,7,5,2,6,8,103,3,13,2,3,7,8,6,6,12,17,9,17,123,7,5,5,8,16,6,23,8,15,18,5,7
강원,합계,사고건수,777,70,48,59,49,70,66,64,69,65,77,72,68,679,50,61,51,54,63,63,65,52,62,66,43,49,492,25,30,39,46,35,33,42,53,40,48,41,60,619,44,38,48,51,46,46,85,59,47,62,60,33
강원,합계,사망자수,18,3,1,3,3,1,0,3,1,1,1,0,1,14,0,2,0,3,1,2,3,1,0,1,1,0,18,0,1,2,1,1,2,2,5,3,0,0,1,11,0,0,0,0,2,0,0,6,2,0,1,0
강원,합계,부상자수,"1,334",132,82,89,72,126,106,112,132,116,142,111,114,"1,163",92,117,97,82,95,109,120,91,95,102,75,88,793,49,48,58,88,49,48,73,80,65,75,72,88,"1,052",78,62,74,83,79,77,175,101,78,102,92,51
강원,춘천시,사고건수,133,17,8,9,5,10,11,6,16,7,10,20,14,123,8,10,7,10,13,18,6,10,12,14,8,7,96,7,5,11,8,8,5,7,7,8,8,10,12,105,5,9,7,8,10,5,18,9,6,13,10,5
강원,춘천시,사망자수,1,1,0,0,0,0,0,0,0,0,0,0,0,0,0,0,0,0,0,0,0,0,0,0,0,0,1,0,0,1,0,0,0,0,0,0,0,0,0,2,0,0,0,0,0,0,0,2,0,0,0,0
강원,춘천시,부상자수,218,40,11,11,10,14,16,12,27,15,17,24,21,208,21,15,16,21,16,24,11,15,17,25,14,13,171,13,7,20,14,10,9,17,12,14,11,24,20,182,9,15,11,12,28,9,30,16,9,22,14,7
강원,원주시,사고건수,236,22,12,13,16,25,20,16,23,22,27,21,19,201,21,22,19,16,14,19,15,14,20,14,9,18,131,6,9,12,17,7,2,10,17,11,8,14,18,145,14,6,12,13,13,6,14,17,10,16,14,10
강원,원주시,사망자수,1,0,0,0,0,0,0,0,1,0,0,0,0,3,0,1,0,1,0,1,0,0,0,0,0,0,3,0,0,1,0,0,0,0,0,1,0,0,1,0,0,0,0,0,0,0,0,0,0,0,0,0
강원,원주시,부상자수,413,46,20,21,19,45,42,27,42,34,41,43,33,354,33,50,34,20,19,37,31,22,37,19,17,35,205,14,14,18,31,8,2,13,29,17,14,22,23,250,19,10,22,22,18,10,29,33,19,25,23,20
강원,동해시,사고건수,23,1,1,4,1,2,2,-,3,1,3,1,4,21,2,2,-,2,3,2,7,-,-,1,1,1,20,-,1,2,2,-,1,1,2,2,3,3,3,24,2,2,3,4,2,2,2,1,-,2,1,3
강원,동해시,사망자수,1,0,0,0,0,0,0,-,0,0,0,0,1,1,0,0,-,0,0,0,1,-,-,0,0,0,2,-,0,0,0,-,0,0,0,2,0,0,0,0,0,0,0,0,0,0,0,0,-,0,0,0
강원,동해시,부상자수,34,2,2,5,2,5,2,-,5,1,5,1,4,33,3,2,-,2,4,3,12,-,-,3,2,2,27,-,1,2,4,-,1,1,3,1,3,8,3,41,3,4,4,6,2,5,2,2,-,7,1,5
강원,강릉시,사고건수,109,7,9,11,9,16,7,7,9,9,10,7,8,77,7,9,6,6,6,8,11,4,5,5,5,5,78,2,4,7,7,8,7,11,4,7,6,7,8,95,7,7,6,13,7,7,16,7,4,5,12,4
강원,강릉시,사망자수,2,0,0,1,0,1,0,0,0,0,0,0,0,3,0,0,0,1,1,1,0,0,0,0,0,0,3,0,0,0,0,0,0,2,1,0,0,0,0,3,0,0,0,0,1,0,0,2,0,0,0,0
강원,강릉시,부상자수,198,11,22,17,14,36,7,12,19,14,22,9,15,149,19,20,16,8,11,17,19,5,8,8,7,11,123,3,7,11,16,13,10,16,3,13,9,8,14,160,17,10,6,23,8,13,32,12,6,10,19,4
강원,속초시,사고건수,46,1,4,2,4,5,4,2,6,5,2,4,7,42,2,3,1,4,2,1,5,7,4,6,4,3,28,4,2,1,1,3,1,4,3,-,7,-,2,52,4,1,6,6,1,7,5,5,5,6,3,3
강원,속초시,사망자수,0,0,0,0,0,0,0,0,0,0,0,0,0,1,0,0,0,0,0,0,0,0,0,0,1,0,1,0,0,0,0,0,0,0,1,-,0,-,0,0,0,0,0,0,0,0,0,0,0,0,0,0
강원,속초시,부상자수,94,1,7,3,5,8,8,7,19,17,3,6,10,68,3,5,1,8,3,1,9,10,4,11,8,5,40,7,2,1,1,5,3,5,3,-,11,-,2,87,6,1,8,9,2,12,8,10,11,13,4,3
강원,태백시,사고건수,7,-,-,1,1,-,2,2,-,-,1,-,-,14,-,-,3,1,4,-,1,-,2,2,1,-,11,-,-,1,3,-,1,-,2,1,1,2,-,17,-,2,2,1,1,2,3,3,1,-,1,1
강원,태백시,사망자수,1,-,-,1,0,-,0,0,-,-,0,-,-,0,-,-,0,0,0,-,0,-,0,0,0,-,0,-,-,0,0,-,0,-,0,0,0,0,-,0,-,0,0,0,0,0,0,0,0,-,0,0
강원,태백시,부상자수,8,-,-,0,1,-,2,2,-,-,3,-,-,19,-,-,4,2,5,-,1,-,2,2,3,-,18,-,-,1,5,-,1,-,4,2,1,4,-,31,-,3,4,1,1,3,6,8,2,-,1,2
강원,삼척시,사고건수,22,2,4,4,1,1,-,2,1,2,2,2,1,30,1,1,2,-,3,5,-,2,5,4,4,3,17,-,3,-,1,1,-,1,3,1,4,1,2,20,1,1,3,1,-,2,4,1,1,2,3,1
강원,삼척시,사망자수,1,0,0,0,0,0,-,0,0,1,0,0,0,0,0,0,0,-,0,0,-,0,0,0,0,0,0,-,0,-,0,0,-,0,0,0,0,0,0,0,0,0,0,0,-,0,0,0,0,0,0,0
강원,삼척시,부상자수,40,4,8,11,1,1,-,6,1,2,2,2,2,42,1,1,3,-,4,10,-,3,6,6,5,3,22,-,5,-,1,1,-,1,4,1,4,1,4,31,1,1,7,2,-,2,8,1,1,2,5,1
강원,홍천군,사고건수,33,4,-,4,4,1,4,5,3,2,3,2,1,34,1,4,4,1,3,4,6,2,1,6,-,2,19,2,-,1,4,2,3,-,2,1,1,-,3,23,2,2,2,1,2,1,3,3,1,1,4,1
강원,홍천군,사망자수,3,0,-,0,2,0,0,1,0,0,0,0,0,0,0,0,0,0,0,0,0,0,0,0,-,0,2,0,-,0,1,0,0,-,1,0,0,-,0,2,0,0,0,0,0,0,0,1,0,0,1,0
강원,홍천군,부상자수,59,10,-,4,4,1,6,11,4,2,13,3,1,63,2,5,13,1,3,8,12,4,1,11,-,3,32,3,-,1,11,2,4,-,1,2,2,-,6,35,4,5,2,2,3,2,4,4,1,2,4,2
강원,횡성군,사고건수,11,1,-,-,2,-,2,4,-,-,1,1,-,11,1,1,1,1,-,1,-,-,2,2,2,-,12,1,-,-,-,1,2,1,1,1,2,2,1,22,1,1,1,-,1,3,4,2,6,1,2,-
강원,횡성군,사망자수,1,0,-,-,0,-,0,1,-,-,0,0,-,1,0,0,0,1,-,0,-,-,0,0,0,-,0,0,-,-,-,0,0,0,0,0,0,0,0,2,0,0,0,-,0,0,0,0,2,0,0,-
강원,횡성군,부상자수,15,1,-,-,2,-,2,5,-,-,1,4,-,14,1,1,2,2,-,1,-,-,2,3,2,-,27,2,-,-,-,2,4,8,1,1,4,3,2,35,2,1,3,-,1,3,8,3,5,2,7,-
강원,영월군,사고건수,9,-,-,-,1,-,1,2,-,2,2,1,-,7,-,-,-,2,-,-,2,1,-,-,-,2,7,-,-,-,1,-,5,1,-,-,-,-,-,14,-,1,1,1,1,2,2,1,-,-,3,2
강원,영월군,사망자수,1,-,-,-,0,-,0,1,-,0,0,0,-,2,-,-,-,0,-,-,2,0,-,-,-,0,0,-,-,-,0,-,0,0,-,-,-,-,-,0,-,0,0,0,0,0,0,0,-,-,0,0
강원,영월군,부상자수,15,-,-,-,2,-,1,3,-,2,6,1,-,14,-,-,-,3,-,-,6,2,-,-,-,3,8,-,-,-,2,-,5,1,-,-,-,-,-,18,-,1,1,1,1,3,2,2,-,-,4,3
강원,평창군,사고건수,29,3,1,-,1,3,-,3,1,9,2,3,3,28,3,3,3,2,4,1,2,3,1,3,1,2,13,1,1,-,-,1,1,1,2,2,2,-,2,16,3,1,-,-,2,1,-,1,3,3,1,1
강원,평창군,사망자수,1,0,0,-,0,0,-,0,0,0,1,0,0,2,0,1,0,0,0,0,0,0,0,1,0,0,0,0,0,-,-,0,0,0,0,0,0,-,0,1,0,0,-,-,0,0,-,1,0,0,0,0
강원,평창군,부상자수,66,3,2,-,9,5,-,3,1,21,6,5,11,43,4,4,3,3,10,1,3,7,1,3,1,3,39,4,6,-,-,2,5,4,4,4,8,-,2,25,4,1,-,-,2,3,-,0,8,3,2,2
강원,정선군,사고건수,30,2,2,-,1,2,3,5,-,2,4,4,5,11,1,1,1,2,1,-,-,1,3,1,-,-,6,1,1,-,-,-,-,1,-,1,-,-,2,6,-,-,-,-,-,1,-,-,2,2,1,-
강원,정선군,사망자수,1,1,0,-,0,0,0,0,-,0,0,0,0,0,0,0,0,0,0,-,-,0,0,0,-,-,0,0,0,-,-,-,-,0,-,0,-,-,0,0,-,-,-,-,-,0,-,-,0,0,0,-
강원,정선군,부상자수,44,2,3,-,1,2,3,9,-,2,8,6,8,18,1,2,1,3,1,-,-,2,7,1,-,-,11,2,1,-,-,-,-,3,-,2,-,-,3,9,-,-,-,-,-,1,-,-,4,2,2,-
강원,철원군,사고건수,21,4,1,1,2,1,2,3,-,-,4,2,1,19,1,1,1,-,3,-,3,3,2,1,2,2,16,-,1,1,-,2,-,2,4,1,-,1,4,24,3,2,-,-,3,2,3,3,5,2,1,-
강원,철원군,사망자수,0,0,0,0,0,0,0,0,-,-,0,0,0,0,0,0,0,-,0,-,0,0,0,0,0,0,3,-,0,0,-,1,-,0,2,0,-,0,0,0,0,0,-,-,0,0,0,0,0,0,0,-
강원,철원군,부상자수,32,6,1,1,2,1,6,4,-,-,6,2,3,33,1,1,1,-,8,-,5,4,5,1,4,3,23,-,2,1,-,2,-,2,6,3,-,1,6,39,10,2,-,-,6,2,4,3,7,4,1,-
강원,화천군,사고건수,8,1,2,-,-,1,2,1,-,-,1,-,-,9,1,1,-,2,1,1,-,-,1,1,1,-,3,-,1,-,-,-,2,-,-,-,-,-,-,6,-,-,-,1,2,1,-,-,-,2,-,-
강원,화천군,사망자수,1,0,1,-,-,0,0,0,-,-,0,-,-,0,0,0,-,0,0,0,-,-,0,0,0,-,2,-,0,-,-,-,2,-,-,-,-,-,-,1,-,-,-,0,1,0,-,-,-,0,-,-
강원,화천군,부상자수,9,1,1,-,-,1,3,1,-,-,2,-,-,10,1,1,-,3,1,1,-,-,1,1,1,-,2,-,1,-,-,-,1,-,-,-,-,-,-,11,-,-,-,1,6,2,-,-,-,2,-,-
강원,양구군,사고건수,16,1,2,2,-,-,3,2,1,3,-,2,-,11,-,-,1,2,1,-,3,-,1,-,2,1,6,-,-,-,-,2,1,1,-,-,2,-,-,12,-,2,-,-,1,1,2,1,-,3,1,1
강원,양구군,사망자수,1,0,0,1,-,-,0,0,0,0,-,0,-,0,-,-,0,0,0,-,0,-,0,-,0,0,0,-,-,-,-,0,0,0,-,-,0,-,-,0,-,0,-,-,0,0,0,0,-,0,0,0
강원,양구군,부상자수,20,1,3,3,-,-,3,2,2,4,-,2,-,17,-,-,1,2,1,-,5,-,1,-,6,1,8,-,-,-,-,4,1,1,-,-,2,-,-,46,-,7,-,-,1,3,29,1,-,3,1,1
강원,인제군,사고건수,14,1,1,1,-,1,-,2,4,-,1,1,2,8,-,-,1,-,1,1,-,2,1,1,-,1,9,-,-,1,-,-,-,1,2,1,4,-,-,7,-,1,1,-,-,1,1,-,1,2,-,-
강원,인제군,사망자수,1,1,0,0,-,0,-,0,0,-,0,0,0,1,-,-,0,-,0,0,-,1,0,0,-,0,0,-,-,0,-,-,-,0,0,0,0,-,-,0,-,0,0,-,-,0,0,-,0,0,-,-
강원,인제군,부상자수,21,0,1,1,-,4,-,2,9,-,1,1,2,12,-,-,1,-,1,4,-,1,1,2,-,2,12,-,-,1,-,-,-,1,3,1,6,-,-,9,-,1,1,-,-,2,2,-,1,2,-,-
강원,고성군,사고건수,11,2,-,2,-,1,2,-,1,1,1,-,1,9,-,-,1,-,2,1,1,-,-,2,1,1,8,1,1,-,2,-,1,-,1,1,-,-,1,16,1,-,1,1,-,1,6,2,-,1,2,1
강원,고성군,사망자수,0,0,-,0,-,0,0,-,0,0,0,-,0,0,-,-,0,-,0,0,0,-,-,0,0,0,0,0,0,-,0,-,0,-,0,0,-,-,0,0,0,-,0,0,-,0,0,0,-,0,0,0
강원,고성군,부상자수,18,3,-,5,-,1,3,-,1,2,2,-,1,12,-,-,1,-,3,1,1,-,-,2,1,3,9,1,1,-,3,-,1,-,1,1,-,-,1,22,1,-,1,2,-,1,8,3,-,2,3,1
강원,양양군,사고건수,19,1,1,5,1,1,1,2,1,-,3,1,2,24,1,3,-,3,2,1,3,3,2,3,2,1,12,-,1,2,-,-,1,-,3,2,-,1,2,15,1,-,3,1,-,1,2,3,2,1,1,-
강원,양양군,사망자수,1,0,0,0,1,0,0,0,0,-,0,0,0,0,0,0,-,0,0,0,0,0,0,0,0,0,1,-,1,0,-,-,0,-,0,0,-,0,0,0,0,-,0,0,-,0,0,0,0,0,0,-
강원,양양군,부상자수,30,1,1,7,0,2,2,6,2,-,4,2,3,54,2,10,-,4,5,1,5,16,2,4,4,1,16,-,1,2,-,-,1,-,6,3,-,1,2,21,2,-,4,2,-,1,3,3,4,1,1,-
충북,합계,사고건수,903,56,71,64,77,61,60,60,89,83,94,102,86,882,65,81,74,85,70,77,81,71,79,73,69,57,678,45,46,58,55,62,56,32,52,67,80,62,63,734,62,65,61,62,63,64,63,60,72,53,63,46
충북,합계,사망자수,13,0,1,2,1,1,1,1,2,0,0,2,2,20,0,3,1,0,2,3,3,2,1,2,1,2,16,0,1,0,1,2,5,0,2,0,0,4,1,9,0,0,1,1,0,0,3,1,0,0,2,1
충북,합계,부상자수,"1,588",97,135,103,144,98,115,103,150,137,179,172,155,"1,503",123,127,118,123,118,144,148,120,139,132,123,88,"1,092",68,75,92,82,89,88,60,79,114,142,102,101,"1,163",112,104,91,97,107,117,96,87,95,103,93,61
충북,청주시,사고건수,453,28,39,35,36,31,30,36,42,34,43,57,42,433,40,43,40,44,27,42,40,28,37,30,33,29,356,23,19,33,30,31,29,19,21,36,42,34,39,383,34,37,35,32,31,41,33,29,27,27,32,25
충북,청주시,사망자수,3,0,1,0,0,0,0,0,0,0,0,1,1,3,0,1,0,0,0,1,1,0,0,0,0,0,5,0,0,0,1,1,1,0,1,0,0,0,1,5,0,0,1,0,0,0,1,0,0,0,2,1
충북,청주시,부상자수,826,49,84,57,63,50,69,66,74,45,81,108,80,806,83,71,69,68,53,93,74,44,69,61,66,55,622,38,42,58,45,44,49,37,36,74,74,60,65,629,61,57,51,52,55,80,54,42,35,62,47,33
충북,충주시,사고건수,112,7,5,12,9,6,7,6,21,9,11,8,11,127,7,13,10,11,16,8,10,8,17,13,6,8,94,9,9,9,7,8,7,3,6,11,10,12,3,92,7,6,6,8,6,2,9,9,10,9,13,7
충북,충주시,사망자수,1,0,0,0,0,0,0,1,0,0,0,0,0,3,0,1,0,0,2,0,0,0,0,0,0,0,5,0,0,0,0,1,0,0,0,0,0,4,0,1,0,0,0,0,0,0,1,0,0,0,0,0
충북,충주시,부상자수,210,12,9,26,14,10,11,9,38,22,29,13,17,208,11,19,15,16,18,14,17,17,32,25,14,10,130,12,10,14,11,11,13,8,7,12,15,12,5,140,9,7,8,12,13,5,16,13,16,13,19,9
충북,제천시,사고건수,91,6,2,4,9,8,7,8,8,14,12,8,5,86,4,4,8,8,8,9,9,9,9,11,7,-,53,5,3,3,5,7,6,4,3,3,8,1,5,73,7,5,4,5,6,4,5,12,8,6,6,5
충북,제천시,사망자수,1,0,0,0,0,0,0,0,1,0,0,0,0,8,0,0,1,0,0,1,2,0,1,2,1,-,2,0,0,0,0,0,2,0,0,0,0,0,0,1,0,0,0,0,0,0,1,0,0,0,0,0
충북,제천시,부상자수,148,10,2,4,22,17,8,12,13,21,17,12,10,136,7,8,11,11,17,14,13,15,11,17,12,-,85,8,3,5,5,11,7,5,8,5,18,2,8,117,14,6,5,10,10,9,6,17,10,10,12,8
충북,보은군,사고건수,13,1,-,1,-,2,1,1,-,1,3,-,3,11,-,1,1,2,1,2,-,1,1,1,-,1,4,-,-,1,2,-,-,-,1,-,-,-,-,4,-,1,-,-,-,1,-,-,1,1,-,-
충북,보은군,사망자수,1,0,-,1,-,0,0,0,-,0,0,-,0,1,-,0,0,0,0,1,-,0,0,0,-,0,0,-,-,0,0,-,-,-,0,-,-,-,-,0,-,0,-,-,-,0,-,-,0,0,-,-
충북,보은군,부상자수,16,2,-,0,-,2,1,1,-,2,4,-,4,17,-,2,1,3,1,2,-,3,2,2,-,1,8,-,-,2,4,-,-,-,2,-,-,-,-,6,-,2,-,-,-,2,-,-,1,1,-,-
충북,옥천군,사고건수,19,2,2,-,1,2,3,2,1,1,1,2,2,18,1,3,3,-,2,2,-,1,-,-,3,3,24,1,2,-,3,1,3,1,2,3,5,1,2,13,1,-,1,2,2,-,-,-,2,2,2,1
충북,옥천군,사망자수,0,0,0,-,0,0,0,0,0,0,0,0,0,0,0,0,0,-,0,0,-,0,-,-,0,0,1,0,1,-,0,0,0,0,0,0,0,0,0,0,0,-,0,0,0,-,-,-,0,0,0,0
충북,옥천군,부상자수,31,4,6,-,2,2,4,2,2,1,1,3,4,26,1,4,3,-,5,3,-,1,-,-,5,4,40,3,1,-,6,1,7,1,3,6,9,1,2,18,1,-,2,3,3,-,-,-,2,2,4,1
충북,영동군,사고건수,19,-,4,-,2,2,2,-,1,-,3,3,2,18,3,-,3,1,1,1,1,1,1,1,4,1,18,1,1,2,1,3,2,-,2,1,2,1,2,7,-,-,-,1,-,2,1,1,1,1,-,-
충북,영동군,사망자수,1,-,0,-,1,0,0,-,0,-,0,0,0,0,0,-,0,0,0,0,0,0,0,0,0,0,0,0,0,0,0,0,0,-,0,0,0,0,0,1,-,-,-,0,-,0,0,1,0,0,-,-
충북,영동군,부상자수,21,-,5,-,2,2,3,-,1,-,3,3,2,26,3,-,5,1,1,1,5,1,2,1,4,2,26,1,1,2,1,4,2,-,2,3,3,3,4,6,-,-,-,1,-,2,1,0,1,1,-,-
충북,진천군,사고건수,63,2,7,1,6,3,6,3,3,9,4,13,6,68,2,10,2,8,4,-,7,11,5,5,5,9,37,5,3,2,4,2,3,2,1,3,6,3,3,49,5,5,3,4,6,5,4,3,6,1,3,4
충북,진천군,사망자수,3,0,0,0,0,0,1,0,1,0,0,1,0,2,0,1,0,0,0,-,0,1,0,0,0,0,1,0,0,0,0,0,1,0,0,0,0,0,0,1,0,0,0,1,0,0,0,0,0,0,0,0
충북,진천군,부상자수,105,5,9,4,17,3,5,5,3,15,12,17,10,101,2,11,2,12,6,-,10,19,10,10,9,10,50,5,4,2,7,4,2,5,1,3,10,3,4,72,10,11,5,4,8,9,4,6,7,1,3,4
충북,괴산군,사고건수,21,-,-,3,1,1,1,1,2,3,6,2,1,17,2,1,1,-,1,1,6,1,1,1,2,-,15,-,-,-,-,1,1,1,5,2,3,1,1,14,-,-,1,-,2,1,1,2,3,3,1,-
충북,괴산군,사망자수,0,-,-,0,0,0,0,0,0,0,0,0,0,0,0,0,0,-,0,0,0,0,0,0,0,-,1,-,-,-,-,0,0,0,1,0,0,0,0,0,-,-,0,-,0,0,0,0,0,0,0,-
충북,괴산군,부상자수,41,-,-,4,6,2,4,1,2,3,15,2,2,26,5,1,1,-,1,1,10,1,3,1,2,-,21,-,-,-,-,1,2,1,7,3,5,1,1,23,-,-,2,-,3,1,2,4,6,4,1,-
충북,음성군,사고건수,83,9,10,7,10,3,3,1,8,11,6,5,10,75,3,5,5,7,7,7,5,9,5,10,7,5,47,-,6,5,2,4,3,2,6,6,3,5,5,78,4,9,8,9,7,6,7,3,12,3,6,4
충북,음성군,사망자수,3,0,0,1,0,1,0,0,0,0,0,0,1,3,0,0,0,0,0,0,0,1,0,0,0,2,1,-,0,0,0,0,1,0,0,0,0,0,0,0,0,0,0,0,0,0,0,0,0,0,0,0
충북,음성군,부상자수,139,13,16,6,13,3,10,4,13,27,8,9,17,115,7,10,9,7,9,11,12,15,7,14,9,5,61,-,8,5,2,7,2,3,8,6,7,7,6,116,7,18,13,11,10,6,10,4,15,9,7,6
충북,단양군,사고건수,13,1,-,-,1,1,-,-,3,1,-,4,2,12,2,1,-,-,-,3,-,2,3,1,-,-,14,-,-,2,1,1,2,-,4,1,1,1,1,10,1,1,1,-,1,2,2,1,1,-,-,-
충북,단양군,사망자수,0,0,-,-,0,0,-,-,0,0,-,0,0,0,0,0,-,-,-,0,-,0,0,0,-,-,0,-,-,0,0,0,0,-,0,0,0,0,0,0,0,0,0,-,0,0,0,0,0,-,-,-
충북,단양군,부상자수,23,2,-,-,2,2,-,-,4,1,-,5,7,15,3,1,-,-,-,3,-,4,3,1,-,-,25,-,-,3,1,1,4,-,4,1,1,6,4,15,2,2,3,-,1,3,2,1,1,-,-,-
충북,증평군,사고건수,16,-,2,1,2,2,-,2,-,-,5,-,2,17,1,-,1,4,3,2,3,-,-,-,2,1,16,1,3,1,-,4,-,-,1,1,-,3,2,11,3,1,2,1,2,-,1,-,1,-,-,-
충북,증평군,사망자수,0,-,0,0,0,0,-,0,-,-,0,-,0,0,0,-,0,0,0,0,0,-,-,-,0,0,0,0,0,0,-,0,-,-,0,0,-,0,0,0,0,0,0,0,0,-,0,-,0,-,-,-
충북,증평군,부상자수,28,-,4,2,3,5,-,3,-,-,9,-,2,27,1,-,2,5,7,2,7,-,-,-,2,1,24,1,6,1,-,5,-,-,1,1,-,7,2,21,8,1,2,4,4,-,1,-,1,-,-,-
충남,합계,사고건수,"1,369",123,80,94,117,123,109,109,126,138,116,109,125,"1,308",103,124,116,122,131,105,101,102,92,124,93,95,"1,019",69,53,84,103,72,83,75,87,92,98,99,104,"1,108",83,92,102,86,97,93,79,96,96,96,89,99
충남,합계,사망자수,56,6,4,5,1,5,5,5,6,6,5,4,4,40,2,3,8,3,1,3,2,4,4,4,5,1,33,5,0,3,2,2,3,3,4,1,3,3,4,22,1,2,5,1,1,3,1,2,0,3,2,1
충남,합계,부상자수,"2,220",223,138,153,186,184,172,183,191,202,191,153,244,"2,132",158,216,189,193,223,161,171,166,148,194,155,158,"1,587",104,94,134,147,121,115,119,126,154,159,159,155,"1,832",136,151,173,157,160,156,141,161,141,155,147,154
충남,천안시,사고건수,451,41,32,43,32,28,39,36,40,44,33,35,48,458,40,41,46,42,44,34,40,40,23,38,37,33,350,30,18,33,32,22,23,29,23,29,36,30,45,351,32,35,32,25,26,29,27,21,32,33,32,27
충남,천안시,사망자수,5,1,0,1,0,0,2,1,0,0,0,0,0,8,1,1,0,0,0,1,2,1,0,1,1,0,4,1,0,0,0,0,0,1,0,0,0,0,2,2,1,1,0,0,0,0,0,0,0,0,0,0
충남,천안시,부상자수,769,76,56,89,61,39,60,71,64,64,52,52,85,761,68,74,80,74,80,50,61,61,40,60,55,58,591,47,32,62,51,53,37,48,42,43,63,46,67,595,51,51,64,49,44,47,45,37,49,60,60,38
충남,아산시,사고건수,183,13,11,13,14,13,13,16,23,25,16,11,15,140,10,11,15,12,15,12,12,10,14,16,6,7,126,5,8,7,16,10,10,6,13,15,12,14,10,157,11,17,12,8,19,14,10,17,13,10,10,16
충남,아산시,사망자수,11,3,1,0,0,0,0,1,3,1,1,1,0,3,0,1,0,1,0,0,0,1,0,0,0,0,2,1,0,0,0,0,0,0,0,0,0,1,0,0,0,0,0,0,0,0,0,0,0,0,0,0
충남,아산시,부상자수,298,23,19,14,22,23,21,28,36,41,23,16,32,228,18,16,29,19,23,16,19,18,24,23,7,16,188,6,10,14,27,13,14,6,19,26,20,16,17,265,23,28,21,18,32,30,17,27,16,14,12,27
충남,보령시,사고건수,69,6,5,2,11,8,8,8,4,7,3,1,6,62,5,5,3,4,8,11,4,5,2,4,2,9,51,2,2,8,6,3,2,4,8,4,4,6,2,57,3,1,10,4,3,5,9,5,4,5,6,2
충남,보령시,사망자수,7,1,1,0,0,2,1,0,1,0,0,0,1,3,0,0,2,0,0,0,0,0,0,1,0,0,0,0,0,0,0,0,0,0,0,0,0,0,0,1,0,0,0,0,0,0,0,0,0,0,1,0
충남,보령시,부상자수,110,12,5,3,21,13,11,14,3,13,7,2,6,83,8,10,1,4,13,16,5,5,2,3,5,11,81,3,3,10,8,3,3,8,12,8,10,11,2,105,5,1,19,7,4,10,20,8,6,6,16,3
충남,공주시,사고건수,72,2,1,6,9,7,1,8,8,5,9,11,5,66,2,7,6,6,11,4,4,5,6,5,6,4,58,7,3,6,4,1,7,5,3,6,4,5,7,69,2,4,4,6,6,6,3,9,7,5,5,12
충남,공주시,사망자수,2,0,0,0,0,0,0,0,0,1,0,0,1,2,0,1,0,0,0,0,0,1,0,0,0,0,2,1,0,1,0,0,0,0,0,0,0,0,0,1,0,0,0,0,0,1,0,0,0,0,0,0
충남,공주시,부상자수,120,5,2,7,12,9,2,12,19,5,17,14,16,121,2,7,7,9,19,10,14,8,14,6,17,8,85,8,8,9,5,1,12,10,3,7,5,6,11,101,2,5,5,8,13,8,4,12,11,11,8,14
충남,서산시,사고건수,105,14,10,3,9,7,7,8,7,10,11,7,12,137,14,15,7,10,15,10,11,11,12,14,11,7,128,9,3,16,11,9,9,9,14,13,13,9,13,121,8,13,9,11,12,9,8,13,9,10,7,12
충남,서산시,사망자수,4,0,0,0,1,0,0,1,0,0,1,1,0,7,0,0,2,0,0,1,0,1,1,1,1,0,5,0,0,1,0,1,0,0,3,0,0,0,0,6,0,1,1,0,1,1,0,0,0,2,0,0
충남,서산시,부상자수,165,26,13,3,10,11,8,15,9,17,23,8,22,250,24,28,14,18,31,15,21,17,23,19,27,13,206,16,5,23,15,10,15,10,18,25,28,22,19,187,13,19,15,17,15,13,15,27,14,10,10,19
충남,금산군,사고건수,26,-,-,-,2,3,4,2,-,6,4,2,3,28,3,-,1,3,2,3,4,1,-,5,3,3,16,-,2,1,-,3,1,3,2,1,2,1,-,13,2,2,-,-,1,1,1,3,-,-,1,2
충남,금산군,사망자수,0,-,-,-,0,0,0,0,-,0,0,0,0,2,1,-,1,0,0,0,0,0,-,0,0,0,0,-,0,0,-,0,0,0,0,0,0,0,-,1,0,0,-,-,0,0,0,0,-,-,1,0
충남,금산군,부상자수,37,-,-,-,2,4,9,2,-,6,4,5,5,37,3,-,0,4,3,4,4,1,-,9,6,3,22,-,5,1,-,5,1,4,2,1,2,1,-,17,2,2,-,-,2,1,3,4,-,-,0,3
충남,태안군,사고건수,53,6,3,3,6,6,4,2,5,6,4,3,5,39,2,3,3,4,2,1,4,4,2,8,4,2,32,1,4,1,5,2,6,3,1,1,3,4,1,30,1,2,1,3,1,6,1,3,3,4,2,3
충남,태안군,사망자수,5,0,1,1,0,0,0,0,0,1,1,0,1,1,0,0,0,0,0,0,0,0,1,0,0,0,4,0,0,0,1,1,1,1,0,0,0,0,0,2,0,0,1,0,0,1,0,0,0,0,0,0
충남,태안군,부상자수,85,9,5,4,12,11,4,2,8,8,6,9,7,72,2,3,7,6,3,1,8,12,3,14,6,7,43,1,7,1,4,1,6,5,1,2,3,10,2,62,2,6,0,3,2,13,3,8,9,7,2,7
충남,논산시,사고건수,74,5,4,6,4,11,9,3,7,4,8,7,6,72,6,11,6,4,9,7,5,5,4,7,6,2,50,4,2,3,5,3,4,2,1,6,5,8,7,48,5,2,10,5,5,1,3,3,2,2,5,5
충남,논산시,사망자수,2,0,0,0,0,0,1,0,0,0,1,0,0,1,0,0,0,0,1,0,0,0,0,0,0,0,0,0,0,0,0,0,0,0,0,0,0,0,0,2,0,0,2,0,0,0,0,0,0,0,0,0
충남,논산시,부상자수,118,13,9,6,6,14,13,4,9,6,10,8,20,106,8,24,6,5,15,12,5,6,4,12,7,2,76,10,3,4,5,12,6,3,1,8,5,10,9,73,9,5,12,6,12,2,6,3,2,4,6,6
충남,부여군,사고건수,22,3,-,-,-,1,3,-,4,3,5,1,2,19,3,3,2,2,2,-,-,-,3,3,-,1,12,1,1,-,-,3,1,1,1,1,3,-,-,16,-,1,-,-,1,1,3,2,2,4,1,1
충남,부여군,사망자수,0,0,-,-,-,0,0,-,0,0,0,0,0,4,0,0,2,0,0,-,-,-,1,0,-,1,0,0,0,-,-,0,0,0,0,0,0,-,-,0,-,0,-,-,0,0,0,0,0,0,0,0
충남,부여군,부상자수,33,3,-,-,-,1,6,-,4,3,10,1,5,31,7,8,4,2,3,-,-,-,3,4,-,0,15,1,1,-,-,3,1,3,1,1,4,-,-,26,-,1,-,-,1,1,6,2,3,6,1,5
충남,서천군,사고건수,37,1,-,4,6,3,2,5,6,2,3,2,3,35,3,1,3,-,2,4,5,2,5,5,2,3,30,1,-,3,3,1,3,-,5,2,4,4,4,30,1,1,2,4,4,3,1,4,6,2,1,1
충남,서천군,사망자수,3,0,-,1,0,0,0,2,0,0,0,0,0,1,0,0,0,-,0,0,0,0,0,1,0,0,4,0,-,1,0,0,0,-,1,0,1,1,0,2,0,0,0,0,0,0,0,2,0,0,0,0
충남,서천군,부상자수,63,2,-,5,8,3,8,9,6,3,5,2,12,48,3,1,6,-,2,8,6,2,7,8,2,3,39,1,-,2,3,1,3,-,4,6,3,8,8,42,1,4,4,8,6,4,1,3,7,2,1,1
충남,청양군,사고건수,23,2,-,1,3,3,-,4,3,2,2,2,1,18,1,3,1,1,2,1,1,1,3,-,2,2,15,2,-,1,1,1,2,1,3,-,1,1,2,16,3,2,3,1,1,-,-,1,2,1,-,2
충남,청양군,사망자수,2,0,-,0,0,0,-,0,0,0,0,1,1,0,0,0,0,0,0,0,0,0,0,-,0,0,1,0,-,0,0,0,1,0,0,-,0,0,0,0,0,0,0,0,0,-,-,0,0,0,-,0
충남,청양군,부상자수,34,2,-,1,3,6,-,4,8,6,2,2,0,23,1,5,1,1,4,2,1,1,3,-,2,2,17,3,-,1,1,1,1,2,4,-,1,1,2,24,3,3,6,4,1,-,-,1,3,1,-,2
충남,홍성군,사고건수,60,7,4,2,2,10,6,4,4,7,6,4,4,51,2,7,4,5,4,4,3,6,5,6,2,3,31,-,3,1,4,2,3,4,4,4,2,2,2,48,7,4,2,2,4,8,3,3,4,4,5,2
충남,홍성군,사망자수,2,1,1,0,0,0,0,0,0,0,0,0,0,5,0,0,0,1,0,0,0,0,1,0,3,0,2,-,0,0,1,0,1,0,0,0,0,0,0,0,0,0,0,0,0,0,0,0,0,0,0,0
충남,홍성군,부상자수,92,10,10,2,2,18,9,4,5,8,13,6,5,85,2,14,6,4,6,5,8,11,7,13,4,5,54,-,7,2,4,3,3,8,4,13,2,6,2,82,10,7,3,4,5,11,5,11,8,5,11,2
충남,예산군,사고건수,44,7,2,2,5,6,1,1,4,3,4,6,3,52,4,6,4,10,5,2,3,1,4,7,3,3,30,3,-,1,5,4,1,1,3,3,3,6,-,44,-,3,5,7,4,5,1,3,5,4,5,2
충남,예산군,사망자수,2,0,0,0,0,1,0,0,0,0,1,0,0,0,0,0,0,0,0,0,0,0,0,0,0,0,2,0,-,0,0,0,0,0,0,1,1,0,-,1,-,0,1,0,0,0,0,0,0,0,0,0
충남,예산군,부상자수,58,10,3,3,7,5,5,1,4,5,5,7,3,81,4,8,5,17,5,3,8,1,7,14,6,3,43,5,-,2,8,4,1,2,4,2,5,10,-,68,-,8,7,12,5,6,1,3,6,9,6,5
충남,당진시,사고건수,145,14,8,8,14,17,12,12,10,14,8,16,12,122,7,9,15,19,8,12,5,10,9,6,7,15,82,4,7,2,11,8,10,5,4,7,5,9,10,103,7,5,11,10,9,5,9,9,7,12,7,12
충남,당진시,사망자수,11,0,0,2,0,2,1,0,2,3,0,1,0,3,0,0,1,1,0,1,0,0,0,0,0,0,7,2,0,0,0,0,0,1,0,0,1,1,2,4,0,0,0,1,0,0,1,0,0,1,0,1
충남,당진시,부상자수,228,29,16,12,20,27,16,17,15,17,14,19,26,193,7,13,23,30,13,19,11,22,11,9,9,26,115,3,13,2,16,11,11,8,8,12,6,12,13,176,13,11,16,21,16,10,15,15,7,20,10,22
충남,계룡시,사고건수,5,2,-,1,-,-,-,-,1,-,-,1,-,9,1,2,-,-,2,-,-,1,-,-,2,1,8,-,-,1,-,-,1,2,2,-,1,-,1,5,1,-,1,-,1,-,-,-,-,-,2,-
충남,계룡시,사망자수,0,0,-,0,-,-,-,-,0,-,-,0,-,0,0,0,-,-,0,-,-,0,-,-,0,0,0,-,-,0,-,-,0,0,0,-,0,-,0,0,0,-,0,-,0,-,-,-,-,-,0,-
충남,계룡시,부상자수,10,3,-,4,-,-,-,-,1,-,-,2,-,13,1,5,-,-,3,-,-,1,-,-,2,1,12,-,-,1,-,-,1,2,3,-,2,-,3,9,2,-,1,-,2,-,-,-,-,-,4,-
전북,합계,사고건수,772,68,49,71,56,63,67,70,58,66,82,62,60,683,66,41,63,63,74,61,43,68,54,60,47,43,579,24,36,39,60,45,46,49,59,47,60,49,65,617,45,41,51,47,45,64,74,54,52,52,46,46
전북,합계,사망자수,25,2,1,3,1,0,1,0,3,5,3,3,3,17,1,2,1,2,3,0,1,3,3,1,0,0,20,1,1,2,1,2,2,2,3,2,3,0,1,22,3,2,1,1,2,3,2,1,1,3,2,1
전북,합계,부상자수,"1,360",124,96,115,101,118,98,136,116,100,144,104,108,"1,182",109,68,117,98,115,105,74,133,82,107,95,79,964,43,71,59,99,80,68,75,101,78,103,79,108,"1,010",74,58,79,74,71,118,134,93,75,88,73,73
전북,전주시,사고건수,331,28,19,26,23,22,36,31,20,27,34,26,39,266,29,17,25,23,28,26,23,24,16,25,13,17,239,9,23,12,25,22,17,22,28,17,23,17,24,241,21,18,25,16,13,29,27,14,23,22,15,18
전북,전주시,사망자수,6,1,1,0,0,0,0,0,0,3,1,0,0,3,1,0,0,1,0,0,0,0,0,1,0,0,4,0,0,1,0,0,1,0,1,0,1,0,0,10,1,2,0,0,0,2,1,0,1,1,2,0
전북,전주시,부상자수,616,56,44,44,37,42,53,68,48,46,61,46,71,482,45,29,56,31,45,49,44,59,31,45,18,30,410,15,48,19,41,33,27,35,45,32,42,31,42,404,36,25,39,27,20,56,57,26,38,30,17,33
전북,군산시,사고건수,101,10,8,10,8,9,10,9,7,8,7,9,6,81,8,8,3,8,13,6,5,6,5,5,4,10,69,2,3,5,7,3,7,4,6,10,10,4,8,86,1,5,4,4,4,11,12,10,9,5,16,5
전북,군산시,사망자수,2,0,0,0,0,0,0,0,0,0,0,1,1,4,0,2,0,0,2,0,0,0,0,0,0,0,1,0,1,0,0,0,0,0,0,0,0,0,0,0,0,0,0,0,0,0,0,0,0,0,0,0
전북,군산시,부상자수,178,14,18,18,16,20,13,10,11,15,17,14,12,122,15,10,5,12,17,10,6,11,7,6,6,17,110,6,4,7,11,5,9,5,8,16,19,5,15,172,2,7,7,7,10,25,20,18,14,17,35,10
전북,정읍시,사고건수,40,4,-,6,3,4,4,4,3,5,2,2,3,52,4,2,5,6,8,4,3,6,4,6,3,1,38,1,1,6,7,1,4,3,2,3,7,2,1,39,5,2,2,6,4,3,5,4,-,3,2,3
전북,정읍시,사망자수,2,0,-,0,0,0,0,0,0,1,0,0,1,1,0,0,0,0,0,0,0,0,1,0,0,0,2,0,0,0,0,0,0,0,0,1,0,0,1,0,0,0,0,0,0,0,0,0,-,0,0,0
전북,정읍시,부상자수,70,8,-,8,7,7,5,12,3,8,2,7,3,82,6,5,8,10,8,5,9,8,8,8,6,1,53,2,1,12,8,1,5,5,2,2,13,2,0,65,13,2,3,9,4,6,12,5,-,3,4,4
전북,남원시,사고건수,18,3,1,1,3,2,-,1,1,4,1,1,-,27,2,-,2,2,1,2,1,4,4,4,4,1,17,1,1,-,1,1,3,3,2,1,-,3,1,22,-,4,1,2,1,2,2,3,4,1,-,2
전북,남원시,사망자수,0,0,0,0,0,0,-,0,0,0,0,0,-,0,0,-,0,0,0,0,0,0,0,0,0,0,0,0,0,-,0,0,0,0,0,0,-,0,0,0,-,0,0,0,0,0,0,0,0,0,-,0
전북,남원시,부상자수,33,8,1,2,7,6,-,1,2,4,1,1,-,49,2,-,3,2,5,4,1,10,6,9,6,1,28,4,1,-,3,2,4,6,2,2,-,3,1,29,-,6,1,2,2,2,2,6,5,1,-,2
전북,김제시,사고건수,44,1,5,4,4,6,5,2,4,4,5,2,2,36,5,3,4,5,7,1,-,2,2,3,2,2,36,-,1,5,5,3,2,1,5,3,5,1,5,33,2,3,3,2,2,3,4,9,1,2,1,1
전북,김제시,사망자수,1,0,0,0,0,0,0,0,0,0,0,0,1,2,0,0,0,1,1,0,-,0,0,0,0,0,1,-,0,0,0,0,0,0,1,0,0,0,0,2,1,0,0,0,0,0,1,0,0,0,0,0
전북,김제시,부상자수,83,2,9,7,11,13,6,6,11,5,7,4,2,59,13,5,9,7,7,2,-,2,3,4,3,4,67,-,3,8,12,8,2,1,6,6,13,1,7,64,1,6,4,7,3,5,13,16,1,3,3,2
전북,완주군,사고건수,31,3,1,5,3,2,1,4,3,1,4,4,-,44,3,4,8,2,2,5,2,4,3,5,5,1,35,1,3,4,-,2,3,4,2,5,2,4,5,35,2,2,3,5,3,2,6,3,3,4,2,-
전북,완주군,사망자수,3,0,0,1,1,0,0,0,0,0,1,0,-,1,0,0,0,0,0,0,0,1,0,0,0,0,2,0,0,0,-,0,1,0,0,1,0,0,0,0,0,0,0,0,0,0,0,0,0,0,0,-
전북,완주군,부상자수,44,5,1,6,3,4,1,5,5,1,7,6,-,80,6,8,10,10,2,6,5,4,6,14,8,1,61,1,3,5,-,7,2,5,8,5,3,11,11,53,2,2,4,6,3,6,7,7,4,9,3,-
전북,진안군,사고건수,7,-,1,1,1,1,-,-,-,1,1,1,-,6,-,-,1,-,-,1,-,1,1,2,-,-,7,-,-,-,2,1,1,1,-,-,1,-,1,7,-,-,1,1,-,2,1,-,1,-,-,1
전북,진안군,사망자수,0,-,0,0,0,0,-,-,-,0,0,0,-,1,-,-,0,-,-,0,-,0,1,0,-,-,1,-,-,-,1,0,0,0,-,-,0,-,0,0,-,-,0,0,-,0,0,-,0,-,-,0
전북,진안군,부상자수,8,-,1,1,1,1,-,-,-,2,1,1,-,9,-,-,1,-,-,1,-,1,1,5,-,-,9,-,-,-,2,2,2,1,-,-,1,-,1,7,-,-,1,1,-,2,1,-,1,-,-,1
전북,무주군,사고건수,6,-,-,-,1,-,1,-,2,-,1,-,1,9,1,-,2,-,1,-,-,3,1,-,1,-,10,-,-,1,1,1,-,1,3,1,-,1,1,8,1,-,-,1,1,-,-,1,-,1,1,2
전북,무주군,사망자수,2,-,-,-,0,-,1,-,1,-,0,-,0,2,0,-,1,-,0,-,-,1,0,-,0,-,2,-,-,0,0,1,-,1,0,0,-,0,0,0,0,-,-,0,0,-,-,0,-,0,0,0
전북,무주군,부상자수,6,-,-,-,1,-,0,-,1,-,2,-,2,8,1,-,1,-,1,-,-,3,1,-,1,-,12,-,-,1,1,0,-,1,4,1,-,1,3,10,1,-,-,1,1,-,-,1,-,1,1,4
전북,장수군,사고건수,2,-,1,-,-,-,-,-,1,-,-,-,-,4,-,-,-,1,-,-,-,1,-,-,2,-,4,1,-,-,1,-,-,-,1,-,-,1,-,3,-,-,-,-,-,-,-,1,-,-,2,-
전북,장수군,사망자수,0,-,0,-,-,-,-,-,0,-,-,-,-,0,-,-,-,0,-,-,-,0,-,-,0,-,1,0,-,-,0,-,-,-,1,-,-,0,-,1,-,-,-,-,-,-,-,1,-,-,0,-
전북,장수군,부상자수,2,-,1,-,-,-,-,-,1,-,-,-,-,7,-,-,-,1,-,-,-,4,-,-,2,-,3,1,-,-,1,-,-,-,0,-,-,1,-,2,-,-,-,-,-,-,-,0,-,-,2,-
전북,임실군,사고건수,5,-,-,1,-,-,-,1,2,1,-,-,-,3,-,-,1,-,-,-,-,-,2,-,-,-,4,-,-,-,1,-,-,-,-,-,1,-,2,3,-,-,-,-,1,-,-,-,-,1,-,1
전북,임실군,사망자수,2,-,-,1,-,-,-,0,1,0,-,-,-,0,-,-,0,-,-,-,-,-,0,-,-,-,0,-,-,-,0,-,-,-,-,-,0,-,0,1,-,-,-,-,0,-,-,-,-,0,-,1
전북,임실군,부상자수,7,-,-,0,-,-,-,1,4,2,-,-,-,3,-,-,1,-,-,-,-,-,2,-,-,-,4,-,-,-,1,-,-,-,-,-,1,-,2,4,-,-,-,-,2,-,-,-,-,2,-,0
전북,순창군,사고건수,10,-,-,1,-,-,-,-,2,1,4,1,1,9,1,-,2,-,1,1,2,1,-,-,1,-,8,1,-,-,-,1,2,-,-,1,1,1,1,14,2,1,1,1,-,2,1,-,2,1,1,2
전북,순창군,사망자수,1,-,-,1,-,-,-,-,0,0,0,0,0,0,0,-,0,-,0,0,0,0,-,-,0,-,1,1,-,-,-,0,0,-,-,0,0,0,0,1,1,0,0,0,-,0,0,-,0,0,0,0
전북,순창군,부상자수,11,-,-,0,-,-,-,-,2,1,6,1,1,16,1,-,4,-,5,2,2,1,-,-,1,-,10,0,-,-,-,1,4,-,-,1,1,2,1,15,1,1,1,2,-,2,1,-,2,1,1,3
전북,고창군,사고건수,22,5,-,1,2,-,1,3,1,2,1,4,2,13,1,1,-,-,1,1,2,2,1,3,-,1,10,-,1,-,1,1,1,1,-,1,2,1,1,10,-,-,2,2,2,-,-,-,2,1,1,-
전북,고창군,사망자수,1,0,-,0,0,-,0,0,0,0,0,1,0,1,0,0,-,-,0,0,0,0,1,0,-,0,0,-,0,-,0,0,0,0,-,0,0,0,0,1,-,-,1,0,0,-,-,-,0,0,0,-
전북,고창군,부상자수,39,7,-,3,3,-,4,6,4,3,1,4,4,19,1,1,-,-,1,4,3,2,0,6,-,1,16,-,4,-,2,3,1,1,-,1,2,1,1,13,-,-,2,2,4,-,-,-,2,1,2,-
전북,부안군,사고건수,38,1,3,4,2,7,4,5,1,2,5,2,2,36,2,1,2,7,3,6,2,3,6,2,2,-,28,2,-,2,5,2,2,2,1,2,3,4,3,30,4,1,1,3,2,4,3,3,1,2,3,3
전북,부안군,사망자수,0,0,0,0,0,0,0,0,0,0,0,0,0,0,0,0,0,0,0,0,0,0,0,0,0,-,3,0,-,1,0,1,0,0,0,0,1,0,0,2,0,0,0,1,0,1,0,0,0,0,0,0
전북,부안군,부상자수,66,1,6,10,2,9,7,9,2,2,10,4,4,59,3,1,2,9,3,6,2,7,6,4,16,-,40,2,-,2,7,2,2,3,3,6,3,6,4,33,4,1,1,2,2,4,3,6,1,3,3,3
전북,익산시,사고건수,117,13,10,11,6,10,5,10,11,10,17,10,4,97,10,5,8,9,9,8,3,11,9,5,10,10,74,6,3,4,4,7,4,7,9,3,5,10,12,86,7,5,8,4,12,6,13,6,6,9,2,8
전북,익산시,사망자수,5,1,0,0,0,0,0,0,1,1,1,1,0,2,0,0,0,0,0,0,1,1,0,0,0,0,2,0,0,0,0,0,0,1,0,0,1,0,0,4,0,0,0,0,2,0,0,0,0,2,0,0
전북,익산시,부상자수,197,23,15,16,13,16,9,18,22,11,29,16,9,187,16,9,17,16,21,16,2,21,11,6,28,24,141,12,7,5,10,16,10,12,23,6,5,15,20,139,14,8,16,8,20,10,18,8,7,17,2,11
전남,합계,사고건수,905,66,52,70,76,79,69,75,76,76,98,90,78,908,64,72,78,96,81,64,85,84,80,94,57,53,793,60,57,44,75,73,65,50,78,80,75,78,58,871,70,72,78,63,77,76,71,75,72,82,70,65
전남,합계,사망자수,37,4,1,5,7,1,2,3,3,4,1,2,4,25,0,3,1,1,3,0,2,5,1,3,4,2,27,1,4,2,4,5,0,1,1,2,2,2,3,27,3,0,3,0,1,3,7,2,2,2,1,3
전남,합계,부상자수,"1,485",132,84,100,114,137,109,113,110,106,175,167,138,"1,472",116,123,145,148,129,95,141,137,139,134,75,90,"1,304",96,98,62,125,119,108,74,118,143,120,151,90,"1,384",112,132,106,98,141,123,89,132,102,137,106,106
전남,목포시,사고건수,126,12,9,9,14,6,11,10,8,11,15,7,14,112,10,10,7,12,16,8,8,7,9,13,7,5,115,10,14,3,9,7,14,8,7,16,13,6,8,143,8,10,10,11,9,13,17,13,12,11,15,14
전남,목포시,사망자수,2,0,0,0,0,0,1,0,0,0,0,0,1,3,0,1,0,0,0,0,1,1,0,0,0,0,2,0,1,0,0,0,0,0,0,0,0,0,1,3,0,0,0,0,1,0,1,1,0,0,0,0
전남,목포시,부상자수,251,26,13,16,23,15,19,16,20,23,38,11,31,188,16,18,15,19,28,11,8,14,22,19,12,6,214,19,27,9,16,16,23,12,13,29,22,16,12,262,13,22,18,22,16,24,25,27,21,20,31,23
전남,여수시,사고건수,145,10,8,12,12,14,9,9,13,10,15,18,15,150,15,6,13,14,18,7,21,15,5,13,11,12,109,6,7,9,12,11,13,5,11,7,10,10,8,165,14,19,12,12,17,15,15,16,14,11,9,11
전남,여수시,사망자수,8,0,0,1,3,0,0,1,0,1,0,0,2,3,0,0,0,0,1,0,1,0,0,0,1,0,0,0,0,0,0,0,0,0,0,0,0,0,0,3,0,0,0,0,0,1,0,1,0,0,0,1
전남,여수시,부상자수,238,20,14,23,21,17,18,11,18,12,26,33,25,254,23,10,25,23,28,15,37,24,6,21,14,28,180,7,10,10,20,19,25,7,18,9,18,25,12,273,22,31,17,23,33,32,21,27,20,17,13,17
전남,순천시,사고건수,112,8,6,10,13,10,6,9,10,11,11,9,9,140,11,14,16,17,7,10,14,11,14,13,7,6,95,9,7,4,4,7,8,5,13,12,10,9,7,114,17,6,14,7,11,11,13,6,10,7,6,6
전남,순천시,사망자수,2,0,0,1,0,1,0,0,0,0,0,0,0,1,0,0,0,0,1,0,0,0,0,0,0,0,0,0,0,0,0,0,0,0,0,0,0,0,0,2,0,0,0,0,0,1,1,0,0,0,0,0
전남,순천시,부상자수,204,24,12,9,24,26,8,19,11,18,19,17,17,247,22,29,31,25,11,14,25,20,29,22,10,9,160,15,13,4,5,11,11,8,21,23,15,22,12,199,27,17,17,9,29,20,15,11,14,15,12,13
전남,나주시,사고건수,74,8,7,2,2,8,9,4,6,6,9,11,2,73,5,4,8,8,3,9,6,10,7,5,4,4,56,6,1,4,9,7,2,1,4,6,4,6,6,55,4,6,6,4,6,6,4,5,4,6,3,1
전남,나주시,사망자수,2,0,0,0,0,0,0,0,0,1,0,1,0,2,0,0,0,0,0,0,0,1,0,0,1,0,0,0,0,0,0,0,0,0,0,0,0,0,0,1,0,0,1,0,0,0,0,0,0,0,0,0
전남,나주시,부상자수,113,16,8,3,3,16,10,8,9,7,15,16,2,105,9,6,11,11,3,13,10,15,10,6,4,7,93,10,1,4,22,13,2,1,5,10,4,10,11,97,7,10,7,8,8,9,4,14,6,15,3,6
전남,광양시,사고건수,81,4,7,8,8,7,7,6,5,4,7,10,8,95,4,14,7,7,9,3,6,10,9,13,5,8,75,3,6,5,3,9,3,7,10,12,4,8,5,80,7,6,8,5,10,5,4,7,3,11,7,7
전남,광양시,사망자수,0,0,0,0,0,0,0,0,0,0,0,0,0,1,0,1,0,0,0,0,0,0,0,0,0,0,2,0,1,1,0,0,0,0,0,0,0,0,0,1,0,0,1,0,0,0,0,0,0,0,0,0
전남,광양시,부상자수,132,13,13,8,11,7,16,6,6,6,14,22,10,156,6,23,16,12,15,4,10,17,18,18,8,9,112,4,11,7,7,16,3,7,14,18,5,13,7,119,12,9,10,6,21,5,5,12,3,14,9,13
전남,담양군,사고건수,28,2,1,1,2,4,2,4,5,2,3,-,2,21,-,5,1,3,2,-,3,3,1,1,2,-,14,1,1,1,1,-,1,2,2,1,2,1,1,14,-,1,-,2,1,1,1,1,1,1,4,1
전남,담양군,사망자수,2,0,0,0,0,0,0,1,1,0,0,-,0,0,-,0,0,0,0,-,0,0,0,0,0,-,0,0,0,0,0,-,0,0,0,0,0,0,0,1,-,0,-,0,0,0,1,0,0,0,0,0
전남,담양군,부상자수,43,3,1,1,2,4,3,5,12,3,3,-,6,40,-,11,1,3,4,-,3,11,3,2,2,-,22,3,1,2,2,-,1,3,5,1,2,1,1,16,-,1,-,2,1,1,0,1,1,1,7,1
전남,곡성군,사고건수,9,1,-,-,2,-,1,1,1,1,1,1,-,7,-,-,1,-,-,1,1,-,1,1,1,1,10,1,1,-,1,1,1,-,2,-,-,2,1,9,-,-,-,1,-,-,2,1,-,4,-,1
전남,곡성군,사망자수,1,0,-,-,1,-,0,0,0,0,0,0,-,0,-,-,0,-,-,0,0,-,0,0,0,0,1,0,1,-,0,0,0,-,0,-,-,0,0,0,-,-,-,0,-,-,0,0,-,0,-,0
전남,곡성군,부상자수,16,1,-,-,1,-,2,2,1,1,1,7,-,8,-,-,1,-,-,1,2,-,1,1,1,1,13,3,0,-,1,1,2,-,3,-,-,2,1,11,-,-,-,1,-,-,2,2,-,5,-,1
전남,구례군,사고건수,9,-,-,1,-,1,1,-,-,2,2,-,2,7,-,1,-,1,1,2,-,1,-,-,1,-,8,1,-,1,1,1,-,1,-,2,-,1,-,10,1,-,1,-,1,1,-,-,3,2,-,1
전남,구례군,사망자수,0,-,-,0,-,0,0,-,-,0,0,-,0,1,-,0,-,0,0,0,-,1,-,-,0,-,0,0,-,0,0,0,-,0,-,0,-,0,-,1,0,-,0,-,0,0,-,-,0,0,-,1
전남,구례군,부상자수,19,-,-,1,-,7,1,-,-,3,5,-,2,7,-,1,-,1,1,2,-,1,-,-,1,-,23,1,-,1,1,1,-,1,-,16,-,2,-,13,1,-,1,-,3,2,-,-,3,2,-,1
전남,고흥군,사고건수,34,1,1,4,2,3,5,3,-,2,7,2,4,31,-,2,3,5,4,1,4,7,1,2,1,1,28,-,5,3,5,3,1,3,4,2,-,1,1,31,3,4,3,1,1,5,1,4,3,3,1,2
전남,고흥군,사망자수,0,0,0,0,0,0,0,0,-,0,0,0,0,0,-,0,0,0,0,0,0,0,0,0,0,0,1,-,0,0,1,0,0,0,0,0,-,0,0,1,0,0,0,0,0,1,0,0,0,0,0,0
전남,고흥군,부상자수,55,1,1,8,4,7,6,6,-,3,11,2,6,46,-,3,3,11,5,1,9,8,1,2,1,2,40,-,9,4,5,3,1,9,4,2,-,2,1,49,7,8,3,1,2,6,1,5,7,5,1,3
전남,보성군,사고건수,12,-,1,3,2,-,1,-,-,1,1,2,1,23,3,-,3,2,1,1,3,1,3,3,1,2,20,1,1,1,1,1,-,1,-,5,2,3,4,18,1,1,1,2,-,-,1,3,5,3,1,-
전남,보성군,사망자수,3,-,1,2,0,-,0,-,-,0,0,0,0,0,0,-,0,0,0,0,0,0,0,0,0,0,0,0,0,0,0,0,-,0,-,0,0,0,0,1,0,0,0,0,-,-,0,0,1,0,0,-
전남,보성군,부상자수,13,-,1,3,3,-,1,-,-,1,1,2,1,32,5,-,6,2,1,1,5,1,3,5,1,2,32,2,2,2,2,1,-,1,-,5,3,3,11,22,1,2,1,2,-,-,3,3,5,4,1,-
전남,화순군,사고건수,20,2,-,1,1,-,-,2,1,3,5,3,2,24,4,1,1,2,-,2,2,-,2,6,1,3,23,4,1,1,2,-,1,2,1,2,4,4,1,24,2,1,3,2,1,1,1,2,1,6,2,2
전남,화순군,사망자수,2,0,-,0,1,-,-,0,0,0,1,0,0,1,0,0,0,0,-,0,0,-,0,0,0,1,2,0,0,0,0,-,0,0,0,0,1,1,0,0,0,0,0,0,0,0,0,0,0,0,0,0
전남,화순군,부상자수,33,5,-,1,0,-,-,3,1,4,7,10,2,34,9,1,1,3,-,2,2,-,2,9,1,4,39,9,1,4,2,-,4,3,1,2,4,7,2,37,2,3,3,6,1,1,1,3,1,10,3,3
전남,장흥군,사고건수,16,2,-,-,1,1,1,2,2,2,-,2,3,21,-,1,1,1,2,-,-,1,6,3,2,4,22,-,1,1,1,1,3,3,3,1,3,1,4,17,-,3,3,-,2,1,1,1,2,1,2,1
전남,장흥군,사망자수,1,0,-,-,0,0,0,0,1,0,-,0,0,1,-,0,0,0,0,-,-,0,0,0,0,1,1,-,0,1,0,0,0,0,0,0,0,0,0,2,-,0,0,-,0,0,0,0,0,1,1,0
전남,장흥군,부상자수,17,2,-,-,1,1,1,3,1,2,-,2,4,24,-,1,1,1,3,-,-,1,7,3,3,4,27,-,4,0,1,1,4,3,3,1,3,1,6,15,-,3,3,-,2,1,1,1,2,0,1,1
전남,강진군,사고건수,25,-,-,2,2,5,3,1,2,2,2,3,3,31,1,2,4,4,2,5,2,1,7,3,-,-,18,3,2,-,2,2,-,1,-,1,4,3,-,20,-,2,2,3,2,1,-,3,-,-,4,3
전남,강진군,사망자수,4,-,-,0,1,0,1,0,0,0,0,1,1,1,0,0,0,0,0,0,0,1,0,0,-,-,3,0,0,-,0,1,-,0,-,0,1,1,-,1,-,0,1,0,0,0,-,0,-,-,0,0
전남,강진군,부상자수,29,-,-,2,1,7,3,1,2,2,2,5,4,47,1,3,6,5,2,9,2,0,13,6,-,-,21,3,2,-,2,1,-,1,-,1,4,7,-,24,-,3,2,3,2,1,-,4,-,-,4,5
전남,해남군,사고건수,37,3,-,2,1,4,4,2,6,6,3,3,3,26,2,2,-,3,3,2,3,3,3,2,3,-,43,5,1,2,8,5,1,1,5,3,3,6,3,27,2,-,2,1,4,4,2,1,2,3,4,2
전남,해남군,사망자수,1,0,-,0,0,0,0,0,0,1,0,0,0,2,0,0,-,0,0,0,0,0,0,0,2,-,1,0,0,0,0,0,0,0,0,0,0,0,1,2,0,-,0,0,0,0,0,0,1,0,0,1
전남,해남군,부상자수,53,4,-,4,1,8,4,2,7,7,4,9,3,41,3,3,-,3,7,2,11,4,4,2,2,-,65,8,1,3,12,8,1,2,9,6,5,7,3,42,5,-,5,1,5,4,2,1,2,9,7,1
전남,영암군,사고건수,32,1,2,3,4,2,2,2,4,2,4,4,2,34,3,1,5,7,2,2,3,-,1,3,4,3,31,4,1,2,5,-,3,1,-,4,6,3,2,28,4,-,3,4,-,3,1,4,2,2,3,2
전남,영암군,사망자수,1,0,0,0,0,0,0,0,1,0,0,0,0,1,0,0,0,1,0,0,0,-,0,0,0,0,1,1,0,0,0,-,0,0,-,0,0,0,0,2,1,-,0,0,-,0,1,0,0,0,0,0
전남,영암군,부상자수,54,1,3,6,8,2,5,2,4,2,6,9,6,71,8,2,15,12,3,2,4,-,1,4,6,14,58,5,1,3,13,-,3,2,-,8,17,3,3,45,6,-,4,6,-,5,0,9,3,3,4,5
전남,무안군,사고건수,35,4,1,3,3,4,-,6,3,5,1,4,1,24,1,-,2,1,4,4,2,3,2,4,1,-,31,1,1,1,6,3,3,3,6,3,-,2,2,37,1,6,2,1,6,4,1,2,5,1,3,5
전남,무안군,사망자수,4,2,0,0,1,0,-,0,0,1,0,0,0,5,0,-,0,0,1,0,0,1,1,2,0,-,5,0,0,0,1,1,0,1,1,0,-,0,1,0,0,0,0,0,0,0,0,0,0,0,0,0
전남,무안군,부상자수,57,4,2,6,4,4,-,12,7,5,1,10,2,31,2,-,3,2,4,4,3,5,3,4,1,-,46,1,1,3,5,3,8,2,11,8,-,3,1,45,1,8,3,1,8,4,1,2,6,2,3,6
전남,함평군,사고건수,7,2,1,-,-,-,-,1,1,1,1,-,-,18,-,2,1,2,2,1,2,-,3,4,1,-,13,-,2,-,-,1,-,-,3,1,1,4,1,12,-,1,1,2,1,-,2,1,1,2,-,1
전남,함평군,사망자수,0,0,0,-,-,-,-,0,0,0,0,-,-,0,-,0,0,0,0,0,0,-,0,0,0,-,2,-,0,-,-,0,-,-,0,2,0,0,0,0,-,0,0,0,0,-,0,0,0,0,-,0
전남,함평군,부상자수,10,2,1,-,-,-,-,1,2,2,2,-,-,31,-,5,1,4,4,5,2,-,3,6,1,-,17,-,2,-,-,1,-,-,3,2,1,6,2,17,-,1,1,2,1,-,3,2,1,5,-,1
전남,영광군,사고건수,26,1,1,-,2,1,5,4,2,3,3,2,2,20,2,4,3,1,-,-,3,4,1,1,-,1,19,-,-,2,1,5,2,2,1,2,2,1,1,15,1,1,-,1,1,2,1,-,1,3,3,1
전남,영광군,사망자수,0,0,0,-,0,0,0,0,0,0,0,0,0,1,0,1,0,0,-,-,0,0,0,0,-,0,0,-,-,0,0,0,0,0,0,0,0,0,0,0,0,0,-,0,0,0,0,-,0,0,0,0
전남,영광군,부상자수,43,5,1,-,2,2,9,5,2,3,5,3,6,30,4,3,6,2,-,-,5,6,2,1,-,1,20,-,-,2,2,5,2,2,1,2,2,1,1,26,5,1,-,1,3,3,1,-,4,4,3,1
전남,장성군,사고건수,16,-,-,4,2,2,-,1,3,-,-,4,-,12,-,-,-,1,1,2,1,1,4,-,2,-,18,-,-,2,1,3,4,-,2,-,1,5,-,18,-,1,5,1,4,1,-,2,1,1,1,1
전남,장성군,사망자수,0,-,-,0,0,0,-,0,0,-,-,0,-,0,-,-,-,0,0,0,0,0,0,-,0,-,1,-,-,0,1,0,0,-,0,-,0,0,-,0,-,0,0,0,0,0,-,0,0,0,0,0
전남,장성군,부상자수,16,-,-,4,2,2,-,1,3,-,-,4,-,19,-,-,-,1,2,5,1,1,7,-,2,-,25,-,-,2,1,6,7,-,2,-,2,5,-,26,-,2,9,1,6,1,-,2,1,1,2,1
전남,완도군,사고건수,26,1,-,1,-,6,2,1,2,2,5,4,2,15,1,1,-,3,2,2,1,3,-,-,2,-,19,2,-,2,-,2,2,3,2,-,4,1,1,15,3,2,1,1,-,1,2,-,1,-,2,2
전남,완도군,사망자수,0,0,-,0,-,0,0,0,0,0,0,0,0,0,0,0,-,0,0,0,0,0,-,-,0,-,0,0,-,0,-,0,0,0,0,-,0,0,0,1,1,0,0,0,-,0,0,-,0,-,0,0
전남,완도군,부상자수,42,1,-,1,-,11,3,1,2,2,11,4,6,21,2,1,-,5,2,2,2,4,-,-,3,-,47,2,-,2,-,6,3,7,2,-,10,13,2,18,2,3,1,1,-,2,3,-,1,-,2,3
전남,진도군,사고건수,18,3,4,2,2,1,-,4,-,-,1,-,1,14,2,1,1,2,2,-,-,1,1,3,-,1,15,3,3,-,2,4,1,-,-,-,1,-,1,7,1,1,-,1,-,-,-,2,-,2,-,-
전남,진도군,사망자수,3,2,0,0,0,0,-,1,-,-,0,-,0,0,0,0,0,0,0,-,-,0,0,0,-,0,4,0,0,-,1,3,0,-,-,-,0,-,0,0,0,0,-,0,-,-,-,0,-,0,-,-
전남,진도군,부상자수,25,3,10,3,2,1,-,3,-,-,1,-,2,29,6,2,1,3,6,-,-,3,4,3,-,1,28,4,8,-,5,7,1,-,-,-,2,-,1,12,1,1,-,1,-,-,-,5,-,4,-,-
전남,신안군,사고건수,17,1,3,2,1,-,-,3,2,-,2,1,2,10,-,1,1,-,-,2,-,2,-,1,1,2,11,-,2,-,1,-,2,1,2,-,1,1,1,12,1,1,1,1,-,1,2,1,1,2,-,1
전남,신안군,사망자수,1,0,0,1,0,-,-,0,0,-,0,0,0,2,-,0,1,-,-,0,-,0,-,1,0,0,1,-,1,-,0,-,0,0,0,-,0,0,0,5,1,0,0,0,-,0,3,0,0,1,-,0
전남,신안군,부상자수,22,1,4,1,1,-,-,6,2,-,3,1,3,11,-,1,2,-,-,2,-,2,-,0,2,2,22,-,4,-,1,-,7,3,3,-,1,2,1,16,0,7,1,1,-,2,1,1,1,1,-,1
경북,합계,사고건수,"1,207",71,89,102,109,94,94,99,110,101,113,107,118,"1,190",94,91,110,117,103,86,112,113,120,98,82,64,"1,060",66,62,89,94,106,81,72,77,92,115,113,93,"1,072",90,68,98,101,90,98,104,96,81,97,77,72
경북,합계,사망자수,30,0,0,6,5,3,2,4,1,2,2,4,1,36,4,7,0,0,4,2,5,2,5,6,0,1,23,0,3,2,2,3,1,1,0,4,4,2,1,20,1,1,2,3,4,2,0,2,3,1,1,0
경북,합계,부상자수,"1,922",108,152,184,167,150,139,143,165,143,173,183,215,"1,898",146,140,176,177,163,157,168,185,200,157,131,98,"1,640",93,109,150,146,166,123,114,118,134,178,171,138,"1,617",135,93,158,137,136,148,160,158,116,133,124,119
경북,포항시,사고건수,166,13,13,6,12,10,19,17,13,16,12,21,14,198,19,13,18,15,20,11,17,24,19,17,14,11,142,4,10,9,9,13,12,11,8,16,20,20,10,175,14,13,16,13,18,13,15,16,16,12,16,13
경북,포항시,사망자수,2,0,0,1,1,0,0,0,0,0,0,0,0,7,1,0,0,0,1,0,1,0,0,3,0,1,5,0,1,0,0,0,0,0,0,0,3,1,0,1,0,0,0,0,0,0,0,0,0,0,1,0
경북,포항시,부상자수,270,20,25,18,16,23,21,26,17,22,13,40,29,333,38,20,34,23,27,23,24,46,32,28,23,15,236,8,17,17,21,18,19,16,17,29,34,25,15,270,18,19,23,23,23,26,23,22,23,22,27,21
경북,경주시,사고건수,116,3,10,8,11,13,11,9,9,11,7,8,16,132,12,9,15,16,8,7,15,4,23,8,7,8,103,8,3,10,12,7,10,7,8,11,13,7,7,106,11,11,15,10,6,8,9,5,8,9,6,8
경북,경주시,사망자수,2,0,0,0,0,0,0,2,0,0,0,0,0,6,0,2,0,0,2,0,0,0,2,0,0,0,0,0,0,0,0,0,0,0,0,0,0,0,0,1,0,0,0,0,0,0,0,0,1,0,0,0
경북,경주시,부상자수,212,4,16,14,20,21,21,13,17,19,13,19,35,218,15,15,30,24,10,11,24,9,44,13,10,13,165,13,3,13,15,19,15,13,12,15,25,10,12,161,19,13,25,11,10,11,13,7,13,15,11,13
경북,김천시,사고건수,55,6,5,6,4,5,4,5,9,4,2,2,3,46,2,1,6,3,4,5,3,7,2,9,1,3,54,2,4,6,3,5,8,6,5,4,2,6,3,49,5,1,3,7,1,4,5,4,6,4,5,4
경북,김천시,사망자수,1,0,0,0,0,0,0,0,0,0,0,1,0,0,0,0,0,0,0,0,0,0,0,0,0,0,0,0,0,0,0,0,0,0,0,0,0,0,0,0,0,0,0,0,0,0,0,0,0,0,0,0
경북,김천시,부상자수,90,10,6,19,4,8,6,7,11,6,3,5,5,72,3,1,13,4,4,11,4,8,6,13,2,3,91,2,7,10,4,9,14,11,9,5,3,13,4,63,6,1,6,7,1,5,8,5,7,6,6,5
경북,안동시,사고건수,82,-,4,7,7,6,5,4,10,8,9,8,14,78,5,4,12,8,6,6,7,3,10,9,2,6,68,3,6,10,7,4,5,-,6,7,6,8,6,68,3,4,6,4,3,5,7,10,6,8,6,6
경북,안동시,사망자수,0,-,0,0,0,0,0,0,0,0,0,0,0,2,0,1,0,0,0,0,1,0,0,0,0,0,2,0,1,0,0,0,0,-,0,1,0,0,0,1,0,0,0,1,0,0,0,0,0,0,0,0
경북,안동시,부상자수,130,-,6,15,8,8,11,8,12,15,14,11,22,119,10,7,13,12,10,12,13,3,11,16,5,7,108,5,18,13,10,6,7,-,8,12,7,14,8,101,3,6,7,6,3,8,9,19,9,11,11,9
경북,구미시,사고건수,267,15,22,25,23,19,18,19,23,22,29,28,24,229,21,27,22,16,26,17,22,22,20,13,15,8,202,10,14,13,16,27,13,13,13,19,19,27,18,179,22,8,18,21,12,16,15,20,9,19,8,11
경북,구미시,사망자수,7,0,0,0,0,3,0,0,0,0,2,1,1,4,2,0,0,0,1,1,0,0,0,0,0,0,6,0,1,0,1,1,0,1,0,1,1,0,0,1,1,0,0,0,0,0,0,0,0,0,0,0
경북,구미시,부상자수,439,26,38,44,44,23,30,26,36,28,46,55,43,374,29,36,38,29,45,24,38,30,43,22,28,12,323,13,25,30,23,45,27,15,17,27,32,43,26,289,29,11,35,32,17,21,27,45,11,25,16,20
경북,영주시,사고건수,24,2,2,-,-,2,2,1,1,3,6,4,1,27,-,2,2,4,3,2,5,2,4,1,-,2,28,4,-,-,3,1,1,1,5,1,4,4,4,29,2,1,3,2,1,2,3,6,3,2,2,2
경북,영주시,사망자수,0,0,0,-,-,0,0,0,0,0,0,0,0,1,-,0,0,0,0,0,1,0,0,0,-,0,0,0,-,-,0,0,0,0,0,0,0,0,0,0,0,0,0,0,0,0,0,0,0,0,0,0
경북,영주시,부상자수,30,3,4,-,-,3,2,1,1,4,7,4,1,48,-,4,2,6,3,4,10,2,7,4,-,6,38,5,-,-,4,1,1,2,8,1,4,5,7,39,2,1,5,2,1,2,3,8,6,2,4,3
경북,영천시,사고건수,41,2,3,7,5,2,2,2,6,1,4,2,5,49,6,2,5,5,5,2,4,7,1,4,5,3,58,2,6,6,3,4,5,8,3,5,5,8,3,56,6,4,5,5,2,6,6,4,5,7,5,1
경북,영천시,사망자수,0,0,0,0,0,0,0,0,0,0,0,0,0,0,0,0,0,0,0,0,0,0,0,0,0,0,1,0,0,0,0,1,0,0,0,0,0,0,0,2,0,0,0,0,0,1,0,0,0,1,0,0
경북,영천시,부상자수,68,3,8,13,9,2,2,5,11,1,6,2,6,85,7,9,7,8,10,5,7,12,4,4,9,3,84,2,7,16,3,4,5,14,5,5,7,11,5,92,15,6,9,8,2,7,16,5,6,8,8,2
경북,문경시,사고건수,21,2,1,1,2,2,1,1,2,3,4,2,-,20,2,1,1,1,-,2,2,2,3,2,4,-,32,2,1,1,3,8,5,1,3,2,4,1,1,26,-,2,1,-,3,8,1,1,4,3,1,2
경북,문경시,사망자수,0,0,0,0,0,0,0,0,0,0,0,0,-,0,0,0,0,0,-,0,0,0,0,0,0,-,0,0,0,0,0,0,0,0,0,0,0,0,0,1,-,0,0,-,0,1,0,0,0,0,0,0
경북,문경시,부상자수,33,3,1,1,5,2,3,1,7,3,5,2,-,30,6,1,1,1,-,2,2,4,3,5,5,-,43,3,2,1,5,11,6,1,3,4,5,1,1,42,-,4,1,-,7,12,1,5,5,4,1,2
경북,상주시,사고건수,25,-,1,5,3,2,4,1,1,1,2,2,3,40,2,5,4,5,4,3,2,4,2,3,2,4,39,1,-,3,4,5,5,4,3,6,4,3,1,43,3,3,4,3,5,2,5,3,2,6,4,3
경북,상주시,사망자수,5,-,0,4,0,0,1,0,0,0,0,0,0,2,0,1,0,0,0,0,0,1,0,0,0,0,1,0,-,0,1,0,0,0,0,0,0,0,0,5,0,0,1,1,1,0,0,1,1,0,0,0
경북,상주시,부상자수,35,-,1,8,4,2,4,1,2,1,4,2,6,47,2,5,4,6,4,4,2,4,2,4,5,5,51,1,-,4,6,6,6,6,3,6,5,7,1,57,4,4,5,2,5,2,7,2,1,7,7,11
경북,군위군,사고건수,11,-,-,3,2,1,-,-,2,-,1,1,1,12,-,-,1,2,1,-,1,1,3,1,1,1,9,2,1,1,-,-,-,-,1,-,1,-,3,6,1,-,-,-,1,2,-,-,-,1,1,-
경북,군위군,사망자수,1,-,-,1,0,0,-,-,0,-,0,0,0,1,-,-,0,0,0,-,0,0,1,0,0,0,0,0,0,0,-,-,-,-,0,-,0,-,0,0,0,-,-,-,0,0,-,-,-,0,0,-
경북,군위군,부상자수,14,-,-,3,2,3,-,-,2,-,1,2,1,21,-,-,2,4,2,-,1,5,2,1,1,3,12,2,1,1,-,-,-,-,1,-,1,-,6,9,1,-,-,-,3,3,-,-,-,1,1,-
경북,의성군,사고건수,12,2,1,1,2,1,-,1,-,1,2,1,-,21,-,1,3,2,3,1,1,-,3,1,5,1,11,-,-,1,-,3,1,1,-,1,2,1,1,10,1,1,1,-,1,1,1,1,-,1,2,-
경북,의성군,사망자수,0,0,0,0,0,0,-,0,-,0,0,0,-,0,-,0,0,0,0,0,0,-,0,0,0,0,0,-,-,0,-,0,0,0,-,0,0,0,0,1,0,0,0,-,0,0,0,1,-,0,0,-
경북,의성군,부상자수,17,3,2,1,2,1,-,1,-,1,5,1,-,28,-,2,4,2,4,1,2,-,3,2,7,1,17,-,-,1,-,3,2,3,-,1,4,1,2,12,1,1,2,-,2,1,1,1,-,1,2,-
경북,청송군,사고건수,7,-,1,-,2,-,2,-,-,-,-,2,-,4,1,-,-,1,-,-,-,-,1,1,-,-,8,-,-,-,-,2,-,1,-,-,-,2,3,2,-,-,-,-,-,-,-,1,1,-,-,-
경북,청송군,사망자수,0,-,0,-,0,-,0,-,-,-,-,0,-,0,0,-,-,0,-,-,-,-,0,0,-,-,1,-,-,-,-,0,-,0,-,-,-,1,0,0,-,-,-,-,-,-,-,0,0,-,-,-
경북,청송군,부상자수,11,-,1,-,2,-,2,-,-,-,-,6,-,6,3,-,-,1,-,-,-,-,1,1,-,-,8,-,-,-,-,2,-,1,-,-,-,2,3,3,-,-,-,-,-,-,-,2,1,-,-,-
경북,영양군,사고건수,5,1,-,1,-,1,-,-,-,-,-,-,2,6,-,1,-,-,-,1,-,3,-,1,-,-,5,-,-,-,-,-,1,1,1,1,-,1,-,10,-,1,-,1,2,2,-,1,-,1,1,1
경북,영양군,사망자수,0,0,-,0,-,0,-,-,-,-,-,-,0,0,-,0,-,-,-,0,-,0,-,0,-,-,0,-,-,-,-,-,0,0,0,0,-,0,-,0,-,0,-,0,0,0,-,0,-,0,0,0
경북,영양군,부상자수,5,1,-,1,-,1,-,-,-,-,-,-,2,7,-,1,-,-,-,1,-,3,-,2,-,-,5,-,-,-,-,-,1,1,1,1,-,1,-,10,-,1,-,1,2,2,-,1,-,1,1,1
경북,영덕군,사고건수,22,1,2,3,1,4,1,1,2,3,-,1,3,28,4,-,1,6,1,2,4,-,4,3,2,1,24,2,-,2,2,4,2,3,3,-,-,3,3,13,-,2,2,-,2,-,2,2,3,-,-,-
경북,영덕군,사망자수,0,0,0,0,0,0,0,0,0,0,-,0,0,2,0,-,0,0,0,0,0,-,0,2,0,0,1,0,-,0,0,1,0,0,0,-,-,0,0,3,-,1,0,-,1,-,0,0,1,-,-,-
경북,영덕군,부상자수,31,1,3,3,2,8,1,1,4,4,-,1,3,44,5,-,1,13,2,5,6,-,7,2,2,1,31,2,-,5,2,4,2,3,5,-,-,4,4,25,-,1,3,-,3,-,6,10,2,-,-,-
경북,청도군,사고건수,27,2,1,1,3,4,2,3,1,1,2,3,4,14,1,1,-,2,2,2,2,1,-,-,2,1,14,3,1,-,-,2,-,-,-,2,2,1,3,15,1,-,1,3,6,1,-,-,1,2,-,-
경북,청도군,사망자수,5,0,0,0,2,0,1,1,0,0,0,1,0,0,0,0,-,0,0,0,0,0,-,-,0,0,2,0,0,-,-,0,-,-,-,1,0,0,1,0,0,-,0,0,0,0,-,-,0,0,-,-
경북,청도군,부상자수,36,4,1,1,2,7,1,3,1,1,5,2,8,23,1,1,-,3,7,2,4,1,-,-,3,1,19,4,3,-,-,4,-,-,-,3,2,1,2,23,1,-,1,3,14,1,-,-,1,2,-,-
경북,고령군,사고건수,18,1,-,-,1,-,1,2,3,5,3,1,1,16,1,5,1,1,1,1,-,2,2,2,-,-,15,2,-,2,2,1,-,-,1,1,4,1,1,12,1,-,-,2,2,-,2,1,1,1,-,2
경북,고령군,사망자수,0,0,-,-,0,-,0,0,0,0,0,0,0,0,0,0,0,0,0,0,-,0,0,0,-,-,0,0,-,0,0,0,-,-,0,0,0,0,0,0,0,-,-,0,0,-,0,0,0,0,-,0
경북,고령군,부상자수,34,1,-,-,3,-,2,2,5,7,11,1,2,27,3,8,2,1,1,1,-,4,2,5,-,-,21,3,-,3,3,2,-,-,1,1,5,1,2,17,1,-,-,2,6,-,2,1,2,1,-,2
경북,성주군,사고건수,28,3,2,-,3,-,2,-,6,2,4,3,3,25,2,1,1,2,1,2,2,4,6,-,2,2,24,-,2,3,4,2,4,2,1,2,2,2,-,26,5,4,5,2,1,-,-,2,-,4,2,1
경북,성주군,사망자수,3,0,0,-,0,-,0,-,1,1,0,1,0,1,0,0,0,0,0,0,1,0,0,-,0,0,1,-,0,0,0,0,1,0,0,0,0,0,-,1,0,0,0,1,0,-,-,0,-,0,0,0
경북,성주군,부상자수,40,5,2,-,4,-,3,-,8,4,4,3,7,37,2,2,1,4,3,3,2,7,9,-,2,2,34,-,3,4,9,2,5,2,1,2,3,3,-,40,11,7,6,1,1,-,-,3,-,7,3,1
경북,칠곡군,사고건수,93,5,4,12,7,4,5,12,13,6,8,5,12,87,4,8,10,5,7,7,9,13,5,7,7,5,70,5,8,8,7,5,1,2,6,4,8,6,10,104,7,6,6,11,9,14,14,6,8,6,8,9
경북,칠곡군,사망자수,1,0,0,0,1,0,0,0,0,0,0,0,0,4,1,0,0,0,0,1,1,0,1,0,0,0,0,0,0,0,0,0,0,0,0,0,0,0,0,1,0,0,0,0,1,0,0,0,0,0,0,0
경북,칠곡군,부상자수,133,5,6,21,10,6,8,13,16,7,9,11,21,126,4,14,10,7,10,18,9,20,4,11,11,8,103,8,9,8,11,10,2,7,9,8,13,7,11,138,8,7,9,13,8,19,20,7,15,6,9,17
경북,예천군,사고건수,18,1,2,-,2,2,1,2,-,3,2,1,2,15,1,1,1,3,1,1,2,1,1,1,1,1,11,2,-,1,1,-,1,-,1,1,1,3,-,13,-,-,2,3,-,1,2,3,-,1,1,-
경북,예천군,사망자수,0,0,0,-,0,0,0,0,-,0,0,0,0,0,0,0,0,0,0,0,0,0,0,0,0,0,0,0,-,0,0,-,0,-,0,0,0,0,-,1,-,-,1,0,-,0,0,0,-,0,0,-
경북,예천군,부상자수,31,1,2,-,2,5,5,2,-,9,2,1,2,20,1,1,1,3,1,2,2,1,4,1,1,2,16,3,-,4,1,-,1,-,1,2,1,3,-,17,-,-,2,5,-,1,2,5,-,1,1,-
경북,봉화군,사고건수,6,-,-,-,-,2,1,-,-,2,-,1,-,10,1,1,-,1,2,-,-,-,1,2,2,-,10,1,-,1,-,1,1,1,2,-,-,2,1,11,1,1,-,1,1,2,2,1,-,-,1,1
경북,봉화군,사망자수,1,-,-,-,-,0,0,-,-,1,-,0,-,0,0,0,-,0,0,-,-,-,0,0,0,-,0,0,-,0,-,0,0,0,0,-,-,0,0,0,0,0,-,0,0,0,0,0,-,-,0,0
경북,봉화군,부상자수,5,-,-,-,-,2,1,-,-,1,-,1,-,18,1,2,-,1,3,-,-,-,1,5,5,-,14,1,-,1,-,1,1,1,2,-,-,6,1,17,1,1,-,1,2,7,2,1,-,-,1,1
경북,울진군,사고건수,27,2,3,3,3,3,2,3,1,-,3,3,1,16,-,2,1,4,1,2,1,2,1,1,-,1,15,2,-,-,1,2,1,2,2,2,1,-,2,11,-,-,2,2,2,-,2,1,-,2,-,-
경북,울진군,사망자수,0,0,0,0,0,0,0,0,0,-,0,0,0,3,-,3,0,0,0,0,0,0,0,0,-,0,0,0,-,-,0,0,0,0,0,0,0,-,0,1,-,-,0,0,1,-,0,0,-,0,-,-
경북,울진군,부상자수,38,2,7,4,6,5,2,3,2,-,3,3,1,21,-,3,1,4,1,4,1,4,1,1,-,1,22,2,-,-,1,2,1,5,2,4,1,-,4,14,-,-,3,2,3,-,3,1,-,2,-,-
경북,울릉군,사고건수,1,-,-,-,-,-,-,-,-,-,1,-,-,-,-,-,-,-,-,-,-,-,-,-,-,-,3,-,-,1,-,1,-,-,-,-,1,-,-,-,-,-,-,-,-,-,-,-,-,-,-,-
경북,울릉군,사망자수,0,-,-,-,-,-,-,-,-,-,0,-,-,-,-,-,-,-,-,-,-,-,-,-,-,-,0,-,-,0,-,0,-,-,-,-,0,-,-,-,-,-,-,-,-,-,-,-,-,-,-,-
경북,울릉군,부상자수,4,-,-,-,-,-,-,-,-,-,4,-,-,-,-,-,-,-,-,-,-,-,-,-,-,-,4,-,-,1,-,2,-,-,-,-,1,-,-,-,-,-,-,-,-,-,-,-,-,-,-,-
경북,경산시,사고건수,135,10,12,13,16,11,11,16,8,9,12,8,9,117,10,6,6,15,7,12,13,11,9,12,10,6,115,11,6,11,17,9,5,8,5,7,16,7,13,108,7,6,8,11,12,11,13,8,8,8,8,8
경북,경산시,사망자수,2,0,0,0,1,0,0,1,0,0,0,0,0,3,0,0,0,0,0,0,0,1,1,1,0,0,3,0,0,2,0,0,0,0,0,1,0,0,0,0,0,0,0,0,0,0,0,0,0,0,0,0
경북,경산시,부상자수,216,16,23,18,22,20,14,30,13,10,18,11,21,194,16,8,12,21,16,24,17,22,14,17,12,15,195,16,14,18,28,15,8,13,13,8,25,13,24,178,15,10,16,18,23,20,17,8,14,11,15,11
경남,합계,사고건수,926,65,54,78,91,73,86,67,81,79,94,75,83,958,71,78,87,93,86,75,78,80,85,85,75,65,870,59,46,77,73,76,60,67,88,87,68,89,80,"1,023",74,70,106,80,89,104,87,100,67,82,91,73
경남,합계,사망자수,29,4,1,4,1,3,1,3,3,2,4,2,1,43,5,2,5,3,3,3,5,2,4,3,4,4,25,2,0,2,1,0,2,1,3,2,5,4,3,36,4,4,3,3,2,3,0,2,3,6,4,2
경남,합계,부상자수,"1,518",112,90,162,170,98,121,96,146,115,163,124,121,"1,519",113,134,133,153,118,107,125,132,144,151,125,84,"1,354",91,79,129,125,125,83,106,130,140,95,134,117,"1,545",109,101,168,119,145,159,139,154,99,117,138,97
경남,진주시,사고건수,60,5,8,9,2,1,4,2,5,6,7,5,6,69,3,10,8,7,7,6,4,7,4,5,3,5,81,5,4,3,9,9,6,5,7,6,8,8,11,95,2,9,11,10,11,8,9,9,5,8,8,5
경남,진주시,사망자수,2,1,0,0,0,0,0,0,1,0,0,0,0,2,0,0,0,0,0,1,0,0,0,0,0,1,3,0,0,0,0,0,1,0,0,0,0,1,1,1,0,0,0,0,0,0,0,0,0,1,0,0
경남,진주시,부상자수,103,5,14,17,2,2,6,3,11,6,22,7,8,105,5,19,13,11,8,9,7,10,6,6,5,6,119,6,4,6,13,14,7,8,11,7,16,10,17,153,4,17,19,18,13,13,17,15,6,13,11,7
경남,통영시,사고건수,52,1,2,5,6,1,5,6,5,7,4,4,6,49,1,6,5,3,4,4,3,5,7,6,2,3,38,1,2,2,3,2,5,6,3,4,2,4,4,57,4,4,8,6,5,6,7,5,2,4,2,4
경남,통영시,사망자수,0,0,0,0,0,0,0,0,0,0,0,0,0,2,0,0,0,0,0,0,0,0,0,2,0,0,0,0,0,0,0,0,0,0,0,0,0,0,0,1,0,0,0,0,0,0,0,0,0,1,0,0
경남,통영시,부상자수,76,1,3,8,11,1,9,7,6,12,5,5,8,84,3,11,9,7,5,5,6,9,10,10,6,3,76,6,3,5,4,3,7,17,4,7,2,12,6,84,6,4,11,10,7,9,9,9,5,4,4,6
경남,김해시,사고건수,149,14,3,11,13,13,16,12,16,12,14,13,12,154,12,15,14,20,12,7,15,10,9,13,15,12,146,12,5,14,10,15,13,13,19,12,7,11,15,173,16,11,21,15,12,16,15,18,15,16,9,9
경남,김해시,사망자수,7,3,0,0,1,1,0,0,0,0,2,0,0,3,0,0,0,1,1,0,1,0,0,0,0,0,3,1,0,0,0,0,0,0,0,0,0,1,1,3,1,0,0,1,0,1,0,0,0,0,0,0
경남,김해시,부상자수,240,25,6,31,18,19,19,21,22,21,19,21,18,242,25,27,22,36,12,8,26,16,16,19,21,14,216,17,8,31,20,19,17,18,22,18,8,18,20,261,21,18,36,21,26,23,23,30,18,21,11,13
경남,밀양시,사고건수,28,1,-,3,4,4,6,1,2,1,3,1,2,28,-,2,2,3,2,4,4,2,1,4,3,1,36,3,2,3,1,3,4,-,7,3,3,2,5,41,2,-,2,1,3,7,2,4,7,4,6,3
경남,밀양시,사망자수,1,0,-,0,0,0,0,0,0,1,0,0,0,2,-,0,0,0,0,1,1,0,0,0,0,0,0,0,0,0,0,0,0,-,0,0,0,0,0,1,0,-,0,0,0,0,0,0,0,1,0,0
경남,밀양시,부상자수,48,1,-,5,10,8,9,1,6,0,4,2,2,50,-,8,2,4,3,5,5,4,2,7,8,2,44,3,2,3,1,3,4,-,9,4,6,2,7,63,2,-,3,1,3,9,5,7,13,5,10,5
경남,거제시,사고건수,97,9,9,7,7,13,9,6,9,6,16,4,2,70,5,1,10,6,5,5,7,9,7,4,5,6,67,6,3,10,5,6,4,9,8,5,6,3,2,67,11,6,7,3,3,3,4,7,2,5,13,3
경남,거제시,사망자수,4,0,0,0,0,2,0,0,1,0,1,0,0,2,0,0,0,0,0,0,1,0,0,0,0,1,1,0,0,0,0,0,0,0,1,0,0,0,0,2,0,0,0,1,0,0,0,0,0,1,0,0
경남,거제시,부상자수,181,24,13,17,13,18,12,7,29,7,31,8,2,108,8,2,20,12,6,7,9,16,10,6,5,7,128,10,9,23,18,13,6,10,14,9,8,4,4,98,23,7,11,2,4,4,5,7,4,6,20,5
경남,의령군,사고건수,8,2,-,1,-,1,1,-,2,-,1,-,-,8,-,-,-,-,1,1,1,1,2,-,1,1,11,-,-,-,2,2,1,3,1,-,1,-,1,3,-,-,-,-,-,2,1,-,-,-,-,-
경남,의령군,사망자수,0,0,-,0,-,0,0,-,0,-,0,-,-,1,-,-,-,-,0,0,1,0,0,-,0,0,0,-,-,-,0,0,0,0,0,-,0,-,0,0,-,-,-,-,-,0,0,-,-,-,-,-
경남,의령군,부상자수,9,3,-,1,-,1,1,-,2,-,1,-,-,8,-,-,-,-,1,1,0,1,2,-,1,2,18,-,-,-,2,4,3,5,1,-,1,-,2,4,-,-,-,-,-,3,1,-,-,-,-,-
경남,함안군,사고건수,27,3,3,1,2,4,1,1,1,4,3,2,2,22,2,2,1,2,6,2,1,1,1,-,2,2,26,1,2,3,3,1,1,3,-,6,1,2,3,25,1,3,-,1,2,3,2,3,2,4,3,1
경남,함안군,사망자수,0,0,0,0,0,0,0,0,0,0,0,0,0,2,1,0,0,0,0,0,0,0,0,-,0,1,3,0,0,0,1,0,0,0,-,0,1,0,1,2,0,0,-,0,0,1,0,0,1,0,0,0
경남,함안군,부상자수,47,4,6,3,2,5,3,1,2,4,7,8,2,29,2,3,1,3,7,2,1,3,1,-,5,1,33,1,3,3,3,1,1,4,-,9,0,3,5,36,1,3,-,2,3,5,3,3,2,7,6,1
경남,창녕군,사고건수,39,2,3,1,5,3,5,1,4,5,1,6,3,37,2,4,3,4,6,1,2,2,2,4,3,4,36,-,4,2,4,2,2,2,5,1,2,8,4,36,2,1,4,3,3,4,3,4,5,3,2,2
경남,창녕군,사망자수,2,0,0,0,0,0,0,0,0,1,0,1,0,3,0,0,2,0,0,0,0,1,0,0,0,0,1,-,0,0,0,0,0,0,1,0,0,0,0,1,0,1,0,0,0,0,0,0,0,0,0,0
경남,창녕군,부상자수,66,2,4,3,8,4,12,2,11,4,1,10,5,56,3,7,8,7,7,1,2,4,4,5,3,5,50,-,5,3,7,3,2,2,6,1,3,12,6,51,2,1,10,3,4,6,4,6,5,6,2,2
경남,양산시,사고건수,91,4,8,5,7,3,12,9,5,7,13,7,11,113,10,13,6,10,7,8,8,11,8,13,13,6,70,7,4,7,9,4,4,2,7,12,6,3,5,92,8,9,13,15,7,6,6,4,3,7,8,6
경남,양산시,사망자수,0,0,0,0,0,0,0,0,0,0,0,0,0,3,1,1,0,0,0,0,0,0,0,0,1,0,2,0,0,0,0,0,0,0,0,1,1,0,0,3,0,0,1,1,0,0,0,0,0,0,1,0
경남,양산시,부상자수,149,5,12,11,14,6,15,16,11,13,22,11,13,183,12,20,8,19,8,14,14,15,11,22,29,11,107,12,4,11,13,8,9,2,12,18,7,3,8,136,9,11,18,22,10,7,9,8,10,13,12,7
경남,고성군,사고건수,18,1,1,2,2,2,1,1,1,3,1,2,1,19,4,-,2,2,2,-,1,2,2,3,1,-,17,2,1,-,-,2,1,1,2,2,3,-,3,26,2,-,1,-,1,3,1,6,1,4,2,5
경남,고성군,사망자수,1,0,0,0,0,0,0,1,0,0,0,0,0,6,1,-,1,0,0,-,0,0,3,0,1,-,1,1,0,-,-,0,0,0,0,0,0,-,0,3,0,-,0,-,0,0,0,1,0,2,0,0
경남,고성군,부상자수,38,2,2,3,7,4,2,0,2,3,8,4,1,30,6,-,2,3,4,-,1,3,6,3,2,-,25,1,4,-,-,3,1,2,4,3,4,-,3,38,3,-,2,-,1,6,5,5,2,6,2,6
경남,사천시,사고건수,37,3,-,3,5,5,6,4,-,3,3,2,3,54,4,3,3,4,6,5,2,6,7,5,9,-,42,3,4,2,1,6,2,4,7,5,4,1,3,56,5,5,4,4,6,5,5,5,-,6,5,6
경남,사천시,사망자수,0,0,-,0,0,0,0,0,-,0,0,0,0,4,0,1,0,0,0,1,0,0,0,0,2,-,0,0,0,0,0,0,0,0,0,0,0,0,0,3,0,0,1,0,1,0,0,0,-,0,0,1
경남,사천시,부상자수,56,6,-,10,9,6,7,5,-,3,3,4,3,84,9,3,4,5,12,4,4,6,17,11,9,-,72,4,8,5,2,9,2,11,10,11,5,1,4,86,11,8,8,6,6,7,10,5,-,7,7,11
경남,남해군,사고건수,13,-,1,2,2,1,1,-,1,-,5,-,-,8,-,-,1,-,3,-,1,1,1,-,-,1,10,-,2,1,-,-,-,2,1,1,1,1,1,14,2,-,2,-,-,1,3,1,2,-,3,-
경남,남해군,사망자수,0,-,0,0,0,0,0,-,0,-,0,-,-,0,-,-,0,-,0,-,0,0,0,-,-,0,1,-,0,1,-,-,-,0,0,0,0,0,0,0,0,-,0,-,-,0,0,0,0,-,0,-
경남,남해군,부상자수,21,-,1,5,6,1,1,-,2,-,5,-,-,11,-,-,1,-,6,-,1,1,1,-,-,1,15,-,4,0,-,-,-,2,5,1,1,1,1,24,2,-,2,-,-,1,7,1,2,-,9,-
경남,하동군,사고건수,13,3,-,1,4,-,-,-,-,2,1,2,-,15,1,-,-,3,-,5,-,-,1,2,1,2,8,-,-,3,-,-,1,1,-,-,-,3,-,9,-,-,-,2,1,3,-,-,-,-,-,3
경남,하동군,사망자수,0,0,-,0,0,-,-,-,-,0,0,0,-,0,0,-,-,0,-,0,-,-,0,0,0,0,0,-,-,0,-,-,0,0,-,-,-,0,-,1,-,-,-,0,0,0,-,-,-,-,-,1
경남,하동군,부상자수,18,4,-,1,6,-,-,-,-,2,1,4,-,21,2,-,-,6,-,6,-,-,2,2,1,2,12,-,-,5,-,-,2,1,-,-,-,4,-,18,-,-,-,5,4,7,-,-,-,-,-,2
경남,산청군,사고건수,12,-,-,1,2,-,-,1,-,1,3,3,1,7,1,-,2,-,-,-,1,1,-,-,-,2,10,-,1,1,1,1,-,3,2,-,-,1,-,13,2,3,1,-,2,2,-,1,-,-,1,1
경남,산청군,사망자수,0,-,-,0,0,-,-,0,-,0,0,0,0,2,0,-,1,-,-,-,0,0,-,-,-,1,0,-,0,0,0,0,-,0,0,-,-,0,-,0,0,0,0,-,0,0,-,0,-,-,0,0
경남,산청군,부상자수,17,-,-,1,3,-,-,1,-,1,6,4,1,10,1,-,2,-,-,-,1,5,-,-,-,1,13,-,1,1,2,3,-,3,2,-,-,1,-,23,2,5,1,-,4,2,-,3,-,-,5,1
경남,함양군,사고건수,20,2,1,1,-,3,3,3,1,3,3,-,-,17,2,-,2,4,2,1,2,-,2,1,1,-,13,2,-,1,3,3,-,-,-,1,-,2,1,13,-,-,3,-,1,3,-,3,-,-,3,-
경남,함양군,사망자수,0,0,0,0,-,0,0,0,0,0,0,-,-,3,0,-,0,0,2,0,0,-,0,1,0,-,0,0,-,0,0,0,-,-,-,0,-,0,0,0,-,-,0,-,0,0,-,0,-,-,0,-
경남,함양군,부상자수,23,3,2,1,-,3,3,3,1,3,4,-,-,29,3,-,2,6,1,1,4,-,4,7,1,-,22,2,-,1,6,7,-,-,-,2,-,3,1,16,-,-,5,-,1,3,-,3,-,-,4,-
경남,거창군,사고건수,22,2,-,3,2,4,1,-,1,4,3,1,1,25,4,2,-,2,1,1,4,1,6,3,-,1,31,1,-,2,1,2,1,5,5,7,-,3,4,30,2,2,1,-,3,3,4,5,3,3,1,3
경남,거창군,사망자수,0,0,-,0,0,0,0,-,0,0,0,0,0,0,0,0,-,0,0,0,0,0,0,0,-,0,2,0,-,1,0,0,0,1,0,0,-,0,0,7,2,3,0,-,0,0,0,1,1,0,0,0
경남,거창군,부상자수,39,4,-,4,8,4,1,-,1,6,7,1,3,43,5,4,-,3,5,1,5,1,11,7,-,1,42,1,-,1,1,2,1,9,6,11,-,6,4,35,0,4,1,-,5,3,6,4,4,4,1,3
경남,합천군,사고건수,9,1,-,-,1,1,1,-,2,-,1,1,1,18,1,3,3,2,1,1,3,2,1,-,-,1,16,-,1,-,2,1,2,-,2,-,4,4,-,20,2,2,1,1,3,1,2,3,-,2,3,-
경남,합천군,사망자수,0,0,-,-,0,0,0,-,0,-,0,0,0,1,1,0,0,0,0,0,0,0,0,-,-,0,0,-,0,-,0,0,0,-,0,-,0,0,-,0,0,0,0,0,0,0,0,0,-,0,0,-
경남,합천군,부상자수,13,1,-,-,1,1,1,-,2,-,1,2,4,20,0,3,4,2,1,1,3,2,3,-,-,1,26,-,1,-,5,4,2,-,2,-,4,8,-,30,5,2,4,1,3,1,4,5,-,2,3,-
경남,창원시(통합),사고건수,231,12,15,22,27,14,14,20,26,15,12,22,32,245,19,17,25,21,21,24,19,19,24,22,16,18,212,16,11,23,19,17,13,8,12,22,20,33,18,253,13,15,27,19,26,28,23,22,20,16,22,22
경남,창원시(통합),사망자수,12,0,1,4,0,0,1,2,1,0,1,1,1,7,1,0,1,2,0,0,1,1,1,0,0,0,8,0,0,0,0,0,1,0,1,1,3,2,0,8,1,0,1,0,1,1,0,0,1,0,3,0
경남,창원시(통합),부상자수,374,22,27,41,52,15,20,29,38,30,16,33,51,406,29,27,35,29,32,42,36,36,38,46,29,27,336,28,23,31,28,29,19,12,22,39,30,46,29,389,18,21,37,28,51,50,31,43,28,23,31,28
제주,합계,사고건수,319,26,21,25,27,18,26,36,27,34,20,28,31,322,24,22,27,30,28,32,34,25,33,30,16,21,296,25,23,22,14,39,13,24,27,30,30,20,29,362,25,29,49,25,30,34,40,28,22,38,23,19
제주,합계,사망자수,7,2,0,1,1,0,1,0,0,1,0,1,0,2,0,0,1,0,0,0,0,0,0,0,1,0,4,1,0,0,0,0,0,0,2,0,0,1,0,5,1,0,0,0,1,1,0,0,1,0,1,0
제주,합계,부상자수,496,37,48,43,37,28,40,52,46,42,25,44,54,551,41,43,55,51,49,49,53,41,62,51,21,35,489,50,47,33,19,60,19,36,40,57,45,29,54,562,44,37,72,46,41,57,59,44,35,58,37,32
제주,제주시,사고건수,215,17,15,17,16,10,18,25,19,21,13,19,25,216,17,15,17,18,21,23,27,18,19,20,10,11,201,19,18,16,11,24,9,13,20,21,17,15,18,255,19,24,33,17,17,27,27,20,11,29,17,14
제주,제주시,사망자수,4,2,0,1,0,0,1,0,0,0,0,0,0,1,0,0,0,0,0,0,0,0,0,0,1,0,2,1,0,0,0,0,0,0,0,0,0,1,0,4,1,0,0,0,1,1,0,0,1,0,0,0
제주,제주시,부상자수,339,26,29,31,18,19,30,34,35,24,16,31,46,352,30,30,33,28,34,33,44,27,28,34,13,18,328,40,34,21,14,38,14,20,26,42,23,24,32,390,34,31,53,26,24,40,40,28,20,47,28,19
제주,서귀포시,사고건수,104,9,6,8,11,8,8,11,8,13,7,9,6,106,7,7,10,12,7,9,7,7,14,10,6,10,95,6,5,6,3,15,4,11,7,9,13,5,11,107,6,5,16,8,13,7,13,8,11,9,6,5
제주,서귀포시,사망자수,3,0,0,0,1,0,0,0,0,1,0,1,0,1,0,0,1,0,0,0,0,0,0,0,0,0,2,0,0,0,0,0,0,0,2,0,0,0,0,1,0,0,0,0,0,0,0,0,0,0,1,0
제주,서귀포시,부상자수,157,11,19,12,19,9,10,18,11,18,9,13,8,199,11,13,22,23,15,16,9,14,34,17,8,17,161,10,13,12,5,22,5,16,14,15,22,5,22,172,10,6,19,20,17,17,19,16,15,11,9,13
